year,species_code,species_name,surv,type,iss
1984,10110,arrowtooth flounder,GOA,female,2482.9899991485713
1984,10130,flathead sole,GOA,female,1287.4621165124677
1984,10180,Dover sole,GOA,female,385.94041716527016
1984,20510,sablefish,GOA,female,509.80980129626016
1984,21720,Pacific cod,GOA,female,401.0497993985684
1984,21740,walleye pollock,GOA,female,880.9553594496113
1984,30050,REBS rockfish complex,GOA,female,234.5020090397699
1984,30060,Pacific ocean perch,GOA,female,180.666453954427
1984,30150,Dusky rockfish,GOA,female,151.0565133706584
1984,30420,northern rockfish,GOA,female,127.86874201913724
1987,10110,arrowtooth flounder,GOA,female,4000.4073640236925
1987,10130,flathead sole,GOA,female,1046.452423600635
1987,10180,Dover sole,GOA,female,371.61766203601127
1987,20510,sablefish,GOA,female,659.8438559659952
1987,21720,Pacific cod,GOA,female,589.6976812570964
1987,21740,walleye pollock,GOA,female,329.83208615027496
1987,30050,REBS rockfish complex,GOA,female,208.43455246042612
1987,30060,Pacific ocean perch,GOA,female,223.71585913424192
1987,30150,Dusky rockfish,GOA,female,75.03645660326877
1987,30420,northern rockfish,GOA,female,302.1699444905583
1990,10110,arrowtooth flounder,GOA,female,2694.2527516930227
1990,10130,flathead sole,GOA,female,1175.4891338404034
1990,10180,Dover sole,GOA,female,467.70188318646666
1990,20510,sablefish,GOA,female,175.44977343988185
1990,21720,Pacific cod,GOA,female,428.90179844519764
1990,21740,walleye pollock,GOA,female,657.4801925652893
1990,30050,REBS rockfish complex,GOA,female,339.4486228622994
1990,30060,Pacific ocean perch,GOA,female,135.56393520863028
1990,30150,Dusky rockfish,GOA,female,67.90785738315444
1990,30420,northern rockfish,GOA,female,63.46129497802153
1993,10110,arrowtooth flounder,GOA,female,5581.86180909341
1993,10130,flathead sole,GOA,female,1089.9101019183338
1993,10180,Dover sole,GOA,female,1056.2032302431874
1993,20510,sablefish,GOA,female,230.8624083761084
1993,21720,Pacific cod,GOA,female,655.7823780130244
1993,21740,walleye pollock,GOA,female,629.8378305072061
1993,30050,REBS rockfish complex,GOA,female,406.54348686221965
1993,30060,Pacific ocean perch,GOA,female,213.22731825372418
1993,30150,Dusky rockfish,GOA,female,81.60428640207289
1993,30420,northern rockfish,GOA,female,96.09617995637723
1996,10110,arrowtooth flounder,GOA,female,5261.798395029967
1996,10130,flathead sole,GOA,female,1753.7989892089931
1996,10180,Dover sole,GOA,female,1024.3354570564547
1996,20510,sablefish,GOA,female,362.0775159418806
1996,21720,Pacific cod,GOA,female,374.81303551188284
1996,21740,walleye pollock,GOA,female,364.12204332564824
1996,30050,REBS rockfish complex,GOA,female,449.4803630548689
1996,30060,Pacific ocean perch,GOA,female,205.14009647545873
1996,30150,Dusky rockfish,GOA,female,84.85686390387943
1996,30420,northern rockfish,GOA,female,52.75603521077328
1999,10110,arrowtooth flounder,GOA,female,5382.704414217699
1999,10130,flathead sole,GOA,female,1498.7589616190426
1999,10180,Dover sole,GOA,female,969.1301612756376
1999,20510,sablefish,GOA,female,605.1836917274179
1999,21720,Pacific cod,GOA,female,1075.871002201614
1999,21740,walleye pollock,GOA,female,512.9613578120099
1999,30050,REBS rockfish complex,GOA,female,468.06490823718696
1999,30060,Pacific ocean perch,GOA,female,137.2815492439986
1999,30150,Dusky rockfish,GOA,female,175.55248624878365
1999,30420,northern rockfish,GOA,female,78.09286104175592
2001,10110,arrowtooth flounder,GOA,female,2971.1563991888506
2001,10130,flathead sole,GOA,female,1289.8527326400085
2001,10180,Dover sole,GOA,female,360.46600012487545
2001,20510,sablefish,GOA,female,259.1682013851419
2001,21720,Pacific cod,GOA,female,551.5808566063668
2001,21740,walleye pollock,GOA,female,89.54019003029313
2001,30050,REBS rockfish complex,GOA,female,277.2960226641521
2001,30060,Pacific ocean perch,GOA,female,63.66949714715656
2001,30150,Dusky rockfish,GOA,female,139.9634009697588
2001,30420,northern rockfish,GOA,female,84.90410100131994
2003,10110,arrowtooth flounder,GOA,female,2215.4894610297824
2003,10130,flathead sole,GOA,female,2423.196921532909
2003,10180,Dover sole,GOA,female,403.97930905704106
2003,20510,sablefish,GOA,female,512.5891417093004
2003,21720,Pacific cod,GOA,female,1049.2412069340794
2003,21740,walleye pollock,GOA,female,827.0947703735876
2003,30050,REBS rockfish complex,GOA,female,421.1310594429417
2003,30060,Pacific ocean perch,GOA,female,372.8903644104863
2003,30150,Dusky rockfish,GOA,female,53.77434284055852
2003,30420,northern rockfish,GOA,female,156.4862531541737
2005,10110,arrowtooth flounder,GOA,female,5443.015676848097
2005,10130,flathead sole,GOA,female,2402.889591802051
2005,10180,Dover sole,GOA,female,878.4470426912031
2005,20510,sablefish,GOA,female,512.1368052688158
2005,21720,Pacific cod,GOA,female,372.15820386462906
2005,21740,walleye pollock,GOA,female,865.4765213985769
2005,30050,REBS rockfish complex,GOA,female,486.79396412859006
2005,30060,Pacific ocean perch,GOA,female,486.3373023514174
2005,30150,Dusky rockfish,GOA,female,152.89243129364937
2005,30420,northern rockfish,GOA,female,27.199578665302894
2007,10110,arrowtooth flounder,GOA,female,4524.310049406311
2007,10130,flathead sole,GOA,female,2024.6696028561523
2007,10180,Dover sole,GOA,female,648.6558484700971
2007,20510,sablefish,GOA,female,612.6373225264277
2007,21720,Pacific cod,GOA,female,341.4564628030842
2007,21740,walleye pollock,GOA,female,349.3472791924453
2007,30050,REBS rockfish complex,GOA,female,495.39697831484483
2007,30060,Pacific ocean perch,GOA,female,424.16028472913337
2007,30150,Dusky rockfish,GOA,female,134.5832888998906
2007,30420,northern rockfish,GOA,female,219.42523071364246
2009,10110,arrowtooth flounder,GOA,female,2633.0929043574256
2009,10130,flathead sole,GOA,female,978.8788394933378
2009,10180,Dover sole,GOA,female,847.3119927285976
2009,20510,sablefish,GOA,female,313.15018492431824
2009,21720,Pacific cod,GOA,female,494.3572463666986
2009,21740,walleye pollock,GOA,female,445.2273063977891
2009,30050,REBS rockfish complex,GOA,female,462.90210630780166
2009,30060,Pacific ocean perch,GOA,female,487.44685029516285
2009,30150,Dusky rockfish,GOA,female,149.6967117641324
2009,30420,northern rockfish,GOA,female,164.32769600228994
2011,10110,arrowtooth flounder,GOA,female,2918.1467378657044
2011,10130,flathead sole,GOA,female,850.6662190240139
2011,10180,Dover sole,GOA,female,682.7240515402867
2011,20510,sablefish,GOA,female,350.31503400297754
2011,21720,Pacific cod,GOA,female,478.63600165801483
2011,21740,walleye pollock,GOA,female,462.61518899801115
2011,30050,REBS rockfish complex,GOA,female,350.168087243316
2011,30060,Pacific ocean perch,GOA,female,265.76166468145834
2011,30150,Dusky rockfish,GOA,female,145.12753136757098
2011,30420,northern rockfish,GOA,female,156.34987476576012
2013,10110,arrowtooth flounder,GOA,female,1930.7856709608834
2013,10130,flathead sole,GOA,female,1531.6064239001428
2013,10180,Dover sole,GOA,female,400.7707521511317
2013,20510,sablefish,GOA,female,196.99229932253087
2013,21720,Pacific cod,GOA,female,414.2855245701277
2013,21740,walleye pollock,GOA,female,160.50480947210932
2013,30050,REBS rockfish complex,GOA,female,229.38475331585101
2013,30060,Pacific ocean perch,GOA,female,457.0993948303923
2013,30150,Dusky rockfish,GOA,female,139.88223626298227
2013,30420,northern rockfish,GOA,female,82.09771499617337
2015,10110,arrowtooth flounder,GOA,female,3459.7065621057404
2015,10130,flathead sole,GOA,female,2202.1403769035887
2015,10180,Dover sole,GOA,female,456.9877696807783
2015,20510,sablefish,GOA,female,320.37271281818875
2015,21720,Pacific cod,GOA,female,1126.0428918070868
2015,21740,walleye pollock,GOA,female,449.17735355216485
2015,30050,REBS rockfish complex,GOA,female,285.1179255595615
2015,30060,Pacific ocean perch,GOA,female,496.5776418788109
2015,30150,Dusky rockfish,GOA,female,270.09506769474075
2015,30420,northern rockfish,GOA,female,166.79453290932804
2017,10110,arrowtooth flounder,GOA,female,2734.3111875578843
2017,10130,flathead sole,GOA,female,1234.7055618250906
2017,10180,Dover sole,GOA,female,371.3784372079273
2017,20510,sablefish,GOA,female,185.9124425280276
2017,21720,Pacific cod,GOA,female,452.87808807377684
2017,21740,walleye pollock,GOA,female,70.78103100905504
2017,30050,REBS rockfish complex,GOA,female,296.3798067808686
2017,30060,Pacific ocean perch,GOA,female,293.660655225386
2017,30150,Dusky rockfish,GOA,female,223.73693321010484
2017,30420,northern rockfish,GOA,female,84.0560313361215
2019,10110,arrowtooth flounder,GOA,female,4212.445850295191
2019,10130,flathead sole,GOA,female,890.0207565915256
2019,10180,Dover sole,GOA,female,422.14220905533466
2019,20510,sablefish,GOA,female,1181.821179417786
2019,21720,Pacific cod,GOA,female,245.2100959862528
2019,21740,walleye pollock,GOA,female,429.9509324125632
2019,30050,REBS rockfish complex,GOA,female,85.59212846415497
2019,30060,Pacific ocean perch,GOA,female,740.4594324502312
2019,30150,Dusky rockfish,GOA,female,287.5502107236968
2019,30420,northern rockfish,GOA,female,128.02136546790095
2021,10110,arrowtooth flounder,GOA,female,3379.2649424463707
2021,10130,flathead sole,GOA,female,1284.6673890095267
2021,10180,Dover sole,GOA,female,470.6543598783494
2021,20510,sablefish,GOA,female,970.4394786359692
2021,21720,Pacific cod,GOA,female,735.3950167053143
2021,21740,walleye pollock,GOA,female,408.99913716060263
2021,30050,REBS rockfish complex,GOA,female,304.81258476752726
2021,30060,Pacific ocean perch,GOA,female,286.83035417095584
2021,30150,Dusky rockfish,GOA,female,149.05541341906664
2021,30420,northern rockfish,GOA,female,137.67579994862493
1984,10110,arrowtooth flounder,GOA,male,1606.217734789075
1984,10130,flathead sole,GOA,male,846.646356723394
1984,10180,Dover sole,GOA,male,657.8584065452342
1984,20510,sablefish,GOA,male,555.6604429725202
1984,21720,Pacific cod,GOA,male,426.9243849154608
1984,21740,walleye pollock,GOA,male,713.2674060358577
1984,30050,REBS rockfish complex,GOA,male,282.670802180203
1984,30060,Pacific ocean perch,GOA,male,187.8755814808512
1984,30150,Dusky rockfish,GOA,male,120.32126146085209
1984,30420,northern rockfish,GOA,male,130.56831305117672
1987,10110,arrowtooth flounder,GOA,male,2271.784728092718
1987,10130,flathead sole,GOA,male,732.1177836771312
1987,10180,Dover sole,GOA,male,494.1821604693932
1987,20510,sablefish,GOA,male,672.8108809642272
1987,21720,Pacific cod,GOA,male,603.9483954401936
1987,21740,walleye pollock,GOA,male,292.11368510808563
1987,30050,REBS rockfish complex,GOA,male,212.9152323236419
1987,30060,Pacific ocean perch,GOA,male,240.4013602127322
1987,30150,Dusky rockfish,GOA,male,67.73667432105525
1987,30420,northern rockfish,GOA,male,218.02571795617771
1990,10110,arrowtooth flounder,GOA,male,1587.8740416428893
1990,10130,flathead sole,GOA,male,963.2993484645557
1990,10180,Dover sole,GOA,male,225.02951754766653
1990,20510,sablefish,GOA,male,516.9679785889934
1990,21720,Pacific cod,GOA,male,370.0622524916616
1990,21740,walleye pollock,GOA,male,447.5541044066458
1990,30050,REBS rockfish complex,GOA,male,301.9895490818039
1990,30060,Pacific ocean perch,GOA,male,219.52454928087184
1990,30150,Dusky rockfish,GOA,male,67.03953062654367
1990,30420,northern rockfish,GOA,male,72.60344518674621
1993,10110,arrowtooth flounder,GOA,male,2421.6030941918857
1993,10130,flathead sole,GOA,male,862.5416710570764
1993,10180,Dover sole,GOA,male,1052.8464242916405
1993,20510,sablefish,GOA,male,243.6855425011407
1993,21720,Pacific cod,GOA,male,593.5321955004357
1993,21740,walleye pollock,GOA,male,440.2655610122523
1993,30050,REBS rockfish complex,GOA,male,353.6189516790151
1993,30060,Pacific ocean perch,GOA,male,260.5173304511748
1993,30150,Dusky rockfish,GOA,male,76.95697376264101
1993,30420,northern rockfish,GOA,male,143.68184721351412
1996,10110,arrowtooth flounder,GOA,male,2191.238965583687
1996,10130,flathead sole,GOA,male,1437.0132040813673
1996,10180,Dover sole,GOA,male,999.2260744810035
1996,20510,sablefish,GOA,male,574.3861884373039
1996,21720,Pacific cod,GOA,male,186.4418460395017
1996,21740,walleye pollock,GOA,male,275.4119272421059
1996,30050,REBS rockfish complex,GOA,male,448.926237771988
1996,30060,Pacific ocean perch,GOA,male,176.46593273993477
1996,30150,Dusky rockfish,GOA,male,58.73467645883567
1996,30420,northern rockfish,GOA,male,84.14078532157441
1999,10110,arrowtooth flounder,GOA,male,2811.842292896363
1999,10130,flathead sole,GOA,male,1292.6829211442368
1999,10180,Dover sole,GOA,male,959.0391432226698
1999,20510,sablefish,GOA,male,780.3018306821416
1999,21720,Pacific cod,GOA,male,976.8444173048135
1999,21740,walleye pollock,GOA,male,241.11454020510055
1999,30050,REBS rockfish complex,GOA,male,418.13639066196447
1999,30060,Pacific ocean perch,GOA,male,93.41397524821225
1999,30150,Dusky rockfish,GOA,male,116.55404941252847
1999,30420,northern rockfish,GOA,male,88.02688590126249
2001,10110,arrowtooth flounder,GOA,male,1393.0455188137275
2001,10130,flathead sole,GOA,male,957.0885113106513
2001,10180,Dover sole,GOA,male,350.0280941158733
2001,20510,sablefish,GOA,male,319.53846266746297
2001,21720,Pacific cod,GOA,male,516.7577674828169
2001,21740,walleye pollock,GOA,male,95.45781461168922
2001,30050,REBS rockfish complex,GOA,male,262.33762702611006
2001,30060,Pacific ocean perch,GOA,male,64.67635479422509
2001,30150,Dusky rockfish,GOA,male,94.86900390332168
2001,30420,northern rockfish,GOA,male,151.49865750727662
2003,10110,arrowtooth flounder,GOA,male,1170.8194343105802
2003,10130,flathead sole,GOA,male,2011.436517759758
2003,10180,Dover sole,GOA,male,329.9125171842768
2003,20510,sablefish,GOA,male,570.9260456287719
2003,21720,Pacific cod,GOA,male,1145.618504055338
2003,21740,walleye pollock,GOA,male,750.7902451442772
2003,30050,REBS rockfish complex,GOA,male,424.82711173484876
2003,30060,Pacific ocean perch,GOA,male,399.72985016113427
2003,30150,Dusky rockfish,GOA,male,35.434678931994824
2003,30420,northern rockfish,GOA,male,158.08226716948909
2005,10110,arrowtooth flounder,GOA,male,2418.9843190997476
2005,10130,flathead sole,GOA,male,1821.8487728225855
2005,10180,Dover sole,GOA,male,1014.2486467523104
2005,20510,sablefish,GOA,male,796.0822449654514
2005,21720,Pacific cod,GOA,male,422.29998410961224
2005,21740,walleye pollock,GOA,male,703.5551473580939
2005,30050,REBS rockfish complex,GOA,male,510.9424933064105
2005,30060,Pacific ocean perch,GOA,male,484.20299349490153
2005,30150,Dusky rockfish,GOA,male,102.53502461799945
2005,30420,northern rockfish,GOA,male,98.40739102503628
2007,10110,arrowtooth flounder,GOA,male,1988.231829410618
2007,10130,flathead sole,GOA,male,1443.2358486521275
2007,10180,Dover sole,GOA,male,791.5025386187851
2007,20510,sablefish,GOA,male,1056.681452370569
2007,21720,Pacific cod,GOA,male,373.7354101189176
2007,21740,walleye pollock,GOA,male,332.2509549797113
2007,30050,REBS rockfish complex,GOA,male,444.9862610263684
2007,30060,Pacific ocean perch,GOA,male,420.20404437363544
2007,30150,Dusky rockfish,GOA,male,78.32078031106194
2007,30420,northern rockfish,GOA,male,172.26545328689792
2009,10110,arrowtooth flounder,GOA,male,1432.0094182840228
2009,10130,flathead sole,GOA,male,1095.864579271545
2009,10180,Dover sole,GOA,male,934.8040755711069
2009,20510,sablefish,GOA,male,618.0025590586071
2009,21720,Pacific cod,GOA,male,463.8165568316108
2009,21740,walleye pollock,GOA,male,342.93234920497736
2009,30050,REBS rockfish complex,GOA,male,493.66449783015685
2009,30060,Pacific ocean perch,GOA,male,525.846250792267
2009,30150,Dusky rockfish,GOA,male,153.0020079883851
2009,30420,northern rockfish,GOA,male,197.17955235706856
2011,10110,arrowtooth flounder,GOA,male,1638.882838526484
2011,10130,flathead sole,GOA,male,514.7082196463426
2011,10180,Dover sole,GOA,male,714.8916284445895
2011,20510,sablefish,GOA,male,675.659249084243
2011,21720,Pacific cod,GOA,male,555.7791664434302
2011,21740,walleye pollock,GOA,male,373.373730215366
2011,30050,REBS rockfish complex,GOA,male,364.04666207381854
2011,30060,Pacific ocean perch,GOA,male,262.28816664650356
2011,30150,Dusky rockfish,GOA,male,108.60035466106773
2011,30420,northern rockfish,GOA,male,137.93832150030326
2013,10110,arrowtooth flounder,GOA,male,1162.294666231188
2013,10130,flathead sole,GOA,male,761.6398423841131
2013,10180,Dover sole,GOA,male,305.3567063606793
2013,20510,sablefish,GOA,male,354.7547241113817
2013,21720,Pacific cod,GOA,male,359.43714933355244
2013,21740,walleye pollock,GOA,male,146.26096544069895
2013,30050,REBS rockfish complex,GOA,male,231.6723992374516
2013,30060,Pacific ocean perch,GOA,male,527.2457471474762
2013,30150,Dusky rockfish,GOA,male,159.06709834758232
2013,30420,northern rockfish,GOA,male,82.66318879456917
2015,10110,arrowtooth flounder,GOA,male,1535.1781049590695
2015,10130,flathead sole,GOA,male,1734.0786001039178
2015,10180,Dover sole,GOA,male,494.45571588305535
2015,20510,sablefish,GOA,male,445.89395930596703
2015,21720,Pacific cod,GOA,male,1161.3224080296839
2015,21740,walleye pollock,GOA,male,372.97670840793796
2015,30050,REBS rockfish complex,GOA,male,292.73128773920433
2015,30060,Pacific ocean perch,GOA,male,518.8080071603667
2015,30150,Dusky rockfish,GOA,male,230.35714536466725
2015,30420,northern rockfish,GOA,male,98.00933132973675
2017,10110,arrowtooth flounder,GOA,male,1459.2838141912594
2017,10130,flathead sole,GOA,male,1039.9299326407975
2017,10180,Dover sole,GOA,male,324.458284331807
2017,20510,sablefish,GOA,male,185.8136794367479
2017,21720,Pacific cod,GOA,male,383.6795674831841
2017,21740,walleye pollock,GOA,male,70.83402892658273
2017,30050,REBS rockfish complex,GOA,male,283.78337254057146
2017,30060,Pacific ocean perch,GOA,male,252.43965625716345
2017,30150,Dusky rockfish,GOA,male,187.40271924386505
2017,30420,northern rockfish,GOA,male,164.6979515613006
2019,10110,arrowtooth flounder,GOA,male,2554.7476711788404
2019,10130,flathead sole,GOA,male,641.3776538226475
2019,10180,Dover sole,GOA,male,449.6723877408101
2019,20510,sablefish,GOA,male,1260.469679228068
2019,21720,Pacific cod,GOA,male,262.24425396329025
2019,21740,walleye pollock,GOA,male,278.609591314841
2019,30050,REBS rockfish complex,GOA,male,105.94756504224817
2019,30060,Pacific ocean perch,GOA,male,575.4676088690029
2019,30150,Dusky rockfish,GOA,male,236.37391543970833
2019,30420,northern rockfish,GOA,male,193.0166624498902
2021,10110,arrowtooth flounder,GOA,male,1971.2606774331657
2021,10130,flathead sole,GOA,male,1210.2866829094962
2021,10180,Dover sole,GOA,male,489.40931629725213
2021,20510,sablefish,GOA,male,909.0887608687617
2021,21720,Pacific cod,GOA,male,640.0346376155395
2021,21740,walleye pollock,GOA,male,336.3741395744705
2021,30050,REBS rockfish complex,GOA,male,313.042652738656
2021,30060,Pacific ocean perch,GOA,male,335.79221375269884
2021,30150,Dusky rockfish,GOA,male,104.84071107647105
2021,30420,northern rockfish,GOA,male,264.90701103501203
1984,10110,arrowtooth flounder,GOA,total,3520.405432018393
1984,10130,flathead sole,GOA,total,1715.1045725994788
1984,10180,Dover sole,GOA,total,792.1821539540056
1984,20510,sablefish,GOA,total,875.9137514455156
1984,21720,Pacific cod,GOA,total,531.9963365297542
1984,21740,walleye pollock,GOA,total,1038.108264651692
1984,30050,REBS rockfish complex,GOA,total,414.60042942256354
1984,30060,Pacific ocean perch,GOA,total,223.12951689688225
1984,30150,Dusky rockfish,GOA,total,244.4307488807738
1984,30420,northern rockfish,GOA,total,183.69376115943376
1987,10110,arrowtooth flounder,GOA,total,5046.406941015314
1987,10130,flathead sole,GOA,total,1569.406769539861
1987,10180,Dover sole,GOA,total,785.2044065463044
1987,20510,sablefish,GOA,total,1058.2978017473422
1987,21720,Pacific cod,GOA,total,867.0468295711314
1987,21740,walleye pollock,GOA,total,369.93506342192427
1987,30050,REBS rockfish complex,GOA,total,288.41070989607994
1987,30060,Pacific ocean perch,GOA,total,291.51219835846643
1987,30150,Dusky rockfish,GOA,total,83.87485587123658
1987,30420,northern rockfish,GOA,total,361.7564146485943
1990,10110,arrowtooth flounder,GOA,total,3655.5406601494615
1990,10130,flathead sole,GOA,total,1808.4969662446995
1990,10180,Dover sole,GOA,total,562.2489095915845
1990,20510,sablefish,GOA,total,459.8195189317001
1990,21720,Pacific cod,GOA,total,510.64421803712
1990,21740,walleye pollock,GOA,total,441.0381979511476
1990,30050,REBS rockfish complex,GOA,total,458.0158861230528
1990,30060,Pacific ocean perch,GOA,total,229.40306251534997
1990,30150,Dusky rockfish,GOA,total,99.68044969380378
1990,30420,northern rockfish,GOA,total,95.54602631182193
1993,10110,arrowtooth flounder,GOA,total,7319.703092371246
1993,10130,flathead sole,GOA,total,2058.9943089216167
1993,10180,Dover sole,GOA,total,1941.983354947131
1993,20510,sablefish,GOA,total,313.86964006738225
1993,21720,Pacific cod,GOA,total,917.726283105036
1993,21740,walleye pollock,GOA,total,788.3981053662656
1993,30050,REBS rockfish complex,GOA,total,505.26655296580054
1993,30060,Pacific ocean perch,GOA,total,292.23490900538224
1993,30150,Dusky rockfish,GOA,total,95.53064697331226
1993,30420,northern rockfish,GOA,total,173.8724708580881
1996,10110,arrowtooth flounder,GOA,total,6393.118507571362
1996,10130,flathead sole,GOA,total,3081.2145038648446
1996,10180,Dover sole,GOA,total,1797.3818705805995
1996,20510,sablefish,GOA,total,675.087888521427
1996,21720,Pacific cod,GOA,total,303.00122784834434
1996,21740,walleye pollock,GOA,total,126.55465487751002
1996,30050,REBS rockfish complex,GOA,total,707.6300005547523
1996,30060,Pacific ocean perch,GOA,total,234.6478943514176
1996,30150,Dusky rockfish,GOA,total,116.6831652520578
1996,30420,northern rockfish,GOA,total,103.73797917087971
1999,10110,arrowtooth flounder,GOA,total,6930.621731172003
1999,10130,flathead sole,GOA,total,2433.6560066434286
1999,10180,Dover sole,GOA,total,1689.3023219282888
1999,20510,sablefish,GOA,total,1023.1910253691049
1999,21720,Pacific cod,GOA,total,1466.6838464906602
1999,21740,walleye pollock,GOA,total,425.1443476570923
1999,30050,REBS rockfish complex,GOA,total,623.8006737306689
1999,30060,Pacific ocean perch,GOA,total,170.2528202039235
1999,30150,Dusky rockfish,GOA,total,221.4118547918793
1999,30420,northern rockfish,GOA,total,168.29239753077485
2001,10110,arrowtooth flounder,GOA,total,3666.301231168571
2001,10130,flathead sole,GOA,total,2023.9276316561059
2001,10180,Dover sole,GOA,total,668.6386388720996
2001,20510,sablefish,GOA,total,437.43067700716983
2001,21720,Pacific cod,GOA,total,751.3511750305829
2001,21740,walleye pollock,GOA,total,98.31837146039227
2001,30050,REBS rockfish complex,GOA,total,404.81308274971474
2001,30060,Pacific ocean perch,GOA,total,72.64780949475505
2001,30150,Dusky rockfish,GOA,total,153.92308353783994
2001,30420,northern rockfish,GOA,total,167.11117481174225
2003,10110,arrowtooth flounder,GOA,total,2601.1616709061195
2003,10130,flathead sole,GOA,total,3754.611032441926
2003,10180,Dover sole,GOA,total,545.7072385679487
2003,20510,sablefish,GOA,total,853.7336068580178
2003,21720,Pacific cod,GOA,total,1738.3543997080162
2003,21740,walleye pollock,GOA,total,884.3742554525007
2003,30050,REBS rockfish complex,GOA,total,676.6214913828694
2003,30060,Pacific ocean perch,GOA,total,503.55898046931077
2003,30150,Dusky rockfish,GOA,total,50.12142944543475
2003,30420,northern rockfish,GOA,total,257.79430440417485
2005,10110,arrowtooth flounder,GOA,total,6651.894026500481
2005,10130,flathead sole,GOA,total,3485.8209983730894
2005,10180,Dover sole,GOA,total,1745.9891589188146
2005,20510,sablefish,GOA,total,1036.6923510463016
2005,21720,Pacific cod,GOA,total,509.340146493216
2005,21740,walleye pollock,GOA,total,406.9907604969752
2005,30050,REBS rockfish complex,GOA,total,795.8391186580291
2005,30060,Pacific ocean perch,GOA,total,623.3503612640633
2005,30150,Dusky rockfish,GOA,total,162.7794519684838
2005,30420,northern rockfish,GOA,total,56.95366666222793
2007,10110,arrowtooth flounder,GOA,total,5212.665770021571
2007,10130,flathead sole,GOA,total,2791.6231339976157
2007,10180,Dover sole,GOA,total,1354.7478520697268
2007,20510,sablefish,GOA,total,1493.335845070234
2007,21720,Pacific cod,GOA,total,430.6634419571736
2007,21740,walleye pollock,GOA,total,425.9495373038318
2007,30050,REBS rockfish complex,GOA,total,668.1366436539508
2007,30060,Pacific ocean perch,GOA,total,511.1955228244811
2007,30150,Dusky rockfish,GOA,total,139.61435854153206
2007,30420,northern rockfish,GOA,total,261.92523704751346
2009,10110,arrowtooth flounder,GOA,total,2919.3478374630567
2009,10130,flathead sole,GOA,total,1732.2974515952287
2009,10180,Dover sole,GOA,total,1650.3293049575025
2009,20510,sablefish,GOA,total,627.2739084049953
2009,21720,Pacific cod,GOA,total,112.10269254945625
2009,21740,walleye pollock,GOA,total,383.96272799804893
2009,30050,REBS rockfish complex,GOA,total,690.9573359170372
2009,30060,Pacific ocean perch,GOA,total,673.6489989679285
2009,30150,Dusky rockfish,GOA,total,207.91620746814863
2009,30420,northern rockfish,GOA,total,320.37578471795723
2011,10110,arrowtooth flounder,GOA,total,3706.969866037745
2011,10130,flathead sole,GOA,total,1017.6261263452902
2011,10180,Dover sole,GOA,total,1290.1932534465332
2011,20510,sablefish,GOA,total,921.2421995929898
2011,21720,Pacific cod,GOA,total,660.9979676467078
2011,21740,walleye pollock,GOA,total,474.1972959428381
2011,30050,REBS rockfish complex,GOA,total,563.3947463125218
2011,30060,Pacific ocean perch,GOA,total,310.6362624971901
2011,30150,Dusky rockfish,GOA,total,226.2008455640005
2011,30420,northern rockfish,GOA,total,339.70422774859674
2013,10110,arrowtooth flounder,GOA,total,2513.2463469862964
2013,10130,flathead sole,GOA,total,1755.4677179503976
2013,10180,Dover sole,GOA,total,549.2066564880208
2013,20510,sablefish,GOA,total,527.5298719139405
2013,21720,Pacific cod,GOA,total,475.85631240310147
2013,21740,walleye pollock,GOA,total,167.8387760681146
2013,30050,REBS rockfish complex,GOA,total,373.78217303267303
2013,30060,Pacific ocean perch,GOA,total,703.8752466892506
2013,30150,Dusky rockfish,GOA,total,240.30980589966796
2013,30420,northern rockfish,GOA,total,130.05753740650812
2015,10110,arrowtooth flounder,GOA,total,4063.6077183552447
2015,10130,flathead sole,GOA,total,3360.5494883304623
2015,10180,Dover sole,GOA,total,844.0260038134261
2015,20510,sablefish,GOA,total,558.3112000554266
2015,21720,Pacific cod,GOA,total,1593.825802750343
2015,21740,walleye pollock,GOA,total,473.2160842301201
2015,30050,REBS rockfish complex,GOA,total,508.8263053786818
2015,30060,Pacific ocean perch,GOA,total,659.6990993310395
2015,30150,Dusky rockfish,GOA,total,401.66553398824334
2015,30420,northern rockfish,GOA,total,237.6220495328956
2017,10110,arrowtooth flounder,GOA,total,3770.0003300733993
2017,10130,flathead sole,GOA,total,1933.2949353919435
2017,10180,Dover sole,GOA,total,640.7061333957282
2017,20510,sablefish,GOA,total,217.05369832262323
2017,21720,Pacific cod,GOA,total,694.8769393408229
2017,21740,walleye pollock,GOA,total,91.6013517231001
2017,30050,REBS rockfish complex,GOA,total,468.4904531185435
2017,30060,Pacific ocean perch,GOA,total,406.0740547382897
2017,30150,Dusky rockfish,GOA,total,281.7006848779809
2017,30420,northern rockfish,GOA,total,175.46246789225117
2019,10110,arrowtooth flounder,GOA,total,5534.762885111945
2019,10130,flathead sole,GOA,total,1102.803222344069
2019,10180,Dover sole,GOA,total,788.7624329061515
2019,20510,sablefish,GOA,total,2034.368468353853
2019,21720,Pacific cod,GOA,total,337.373501975689
2019,21740,walleye pollock,GOA,total,337.55967489544713
2019,30050,REBS rockfish complex,GOA,total,115.23879691933679
2019,30060,Pacific ocean perch,GOA,total,821.2396114473994
2019,30150,Dusky rockfish,GOA,total,381.86075476738495
2019,30420,northern rockfish,GOA,total,255.07780198092996
2021,10110,arrowtooth flounder,GOA,total,4376.982890681484
2021,10130,flathead sole,GOA,total,2004.8965940758596
2021,10180,Dover sole,GOA,total,858.3583317627906
2021,20510,sablefish,GOA,total,1410.2818872135686
2021,21720,Pacific cod,GOA,total,1143.8036607280253
2021,21740,walleye pollock,GOA,total,443.84935207248554
2021,30050,REBS rockfish complex,GOA,total,570.3912553716609
2021,30060,Pacific ocean perch,GOA,total,416.79365057268825
2021,30150,Dusky rockfish,GOA,total,192.47227000167592
2021,30420,northern rockfish,GOA,total,309.1929642005307
1980,10110,arrowtooth flounder,AI,female,NA
1980,10112,Kamchatka flounder,AI,female,9.595996051708406
1980,21720,Pacific cod,AI,female,258.9560579479422
1980,21740,walleye pollock,AI,female,49.979286228836536
1980,21921,Atka mackerel,AI,female,25.89434781466933
1980,30050,REBS rockfish complex,AI,female,24.344490305025328
1980,30060,Pacific ocean perch,AI,female,56.88545928659275
1980,30420,northern rockfish,AI,female,36.49790326664539
1983,10110,arrowtooth flounder,AI,female,325.45258730222685
1983,10112,Kamchatka flounder,AI,female,28.437323914705573
1983,21720,Pacific cod,AI,female,474.62158594801855
1983,21740,walleye pollock,AI,female,1031.9704505189056
1983,21921,Atka mackerel,AI,female,158.76655602252222
1983,30050,REBS rockfish complex,AI,female,258.62399071075214
1983,30060,Pacific ocean perch,AI,female,358.2922481638468
1983,30420,northern rockfish,AI,female,154.6676733677843
1986,10110,arrowtooth flounder,AI,female,188.09621447482183
1986,21720,Pacific cod,AI,female,321.5622067495214
1986,21740,walleye pollock,AI,female,183.77822172485864
1986,21921,Atka mackerel,AI,female,60.75095381569476
1986,30050,REBS rockfish complex,AI,female,99.5714633323867
1986,30060,Pacific ocean perch,AI,female,381.1972600523635
1986,30420,northern rockfish,AI,female,184.3620482656616
1991,10110,arrowtooth flounder,AI,female,505.99130963799416
1991,10112,Kamchatka flounder,AI,female,149.30995272396834
1991,21720,Pacific cod,AI,female,263.0690813920379
1991,21740,walleye pollock,AI,female,435.05882677193654
1991,21921,Atka mackerel,AI,female,194.05224291132035
1991,30050,REBS rockfish complex,AI,female,65.13717613906638
1991,30060,Pacific ocean perch,AI,female,202.64335513111703
1991,30420,northern rockfish,AI,female,84.60602911579635
1994,10110,arrowtooth flounder,AI,female,1213.7695919788275
1994,10112,Kamchatka flounder,AI,female,237.72788259800868
1994,21720,Pacific cod,AI,female,119.31577317382794
1994,21740,walleye pollock,AI,female,314.8154070767994
1994,21921,Atka mackerel,AI,female,121.90933628258627
1994,30050,REBS rockfish complex,AI,female,282.99068631334274
1994,30060,Pacific ocean perch,AI,female,245.21892296223245
1994,30420,northern rockfish,AI,female,59.19601896067909
1997,10110,arrowtooth flounder,AI,female,646.8648464067555
1997,10112,Kamchatka flounder,AI,female,287.4143023481034
1997,21720,Pacific cod,AI,female,390.9514041900385
1997,21740,walleye pollock,AI,female,497.5854310916547
1997,21921,Atka mackerel,AI,female,150.31544192519843
1997,30050,REBS rockfish complex,AI,female,149.7009132475102
1997,30060,Pacific ocean perch,AI,female,383.2256858052011
1997,30420,northern rockfish,AI,female,110.32951885511916
2000,10110,arrowtooth flounder,AI,female,813.3644471456028
2000,10112,Kamchatka flounder,AI,female,277.57656707168775
2000,21720,Pacific cod,AI,female,450.10618991124466
2000,21740,walleye pollock,AI,female,230.98681241546228
2000,21921,Atka mackerel,AI,female,123.18234035883225
2000,30050,REBS rockfish complex,AI,female,212.29353184208813
2000,30060,Pacific ocean perch,AI,female,282.5263037784401
2000,30420,northern rockfish,AI,female,184.80044075705615
2002,10110,arrowtooth flounder,AI,female,1017.3252863969254
2002,10112,Kamchatka flounder,AI,female,228.31323521065502
2002,21720,Pacific cod,AI,female,491.9876418400048
2002,21740,walleye pollock,AI,female,407.62033681423696
2002,21921,Atka mackerel,AI,female,270.49857545875943
2002,30050,REBS rockfish complex,AI,female,71.56566659129518
2002,30060,Pacific ocean perch,AI,female,242.27421786732063
2002,30420,northern rockfish,AI,female,251.15957989379143
2004,10110,arrowtooth flounder,AI,female,1005.9310682975656
2004,10112,Kamchatka flounder,AI,female,260.76614587982306
2004,21720,Pacific cod,AI,female,600.3702685476843
2004,21740,walleye pollock,AI,female,205.34791960482616
2004,21921,Atka mackerel,AI,female,547.3071382962378
2004,30050,REBS rockfish complex,AI,female,221.2499125662004
2004,30060,Pacific ocean perch,AI,female,529.588463172902
2004,30420,northern rockfish,AI,female,321.74846488836823
2006,10110,arrowtooth flounder,AI,female,613.0759251802476
2006,10112,Kamchatka flounder,AI,female,241.75621205386236
2006,21720,Pacific cod,AI,female,363.6470091862298
2006,21740,walleye pollock,AI,female,262.2485157460885
2006,21921,Atka mackerel,AI,female,177.00070840246292
2006,30050,REBS rockfish complex,AI,female,162.4407136774857
2006,30060,Pacific ocean perch,AI,female,503.283246719765
2006,30420,northern rockfish,AI,female,240.12110021638844
2010,10110,arrowtooth flounder,AI,female,653.4648750347043
2010,10112,Kamchatka flounder,AI,female,236.2574274949148
2010,21720,Pacific cod,AI,female,500.0949079250609
2010,21740,walleye pollock,AI,female,147.4659779531704
2010,21921,Atka mackerel,AI,female,121.16892831594305
2010,30050,REBS rockfish complex,AI,female,109.53966375519349
2010,30060,Pacific ocean perch,AI,female,510.0515351384614
2010,30420,northern rockfish,AI,female,252.56760531891283
2012,10110,arrowtooth flounder,AI,female,484.52315705875924
2012,10112,Kamchatka flounder,AI,female,239.36264906325357
2012,21720,Pacific cod,AI,female,422.5501645745301
2012,21740,walleye pollock,AI,female,177.60726702851832
2012,21921,Atka mackerel,AI,female,205.33635130606103
2012,30050,REBS rockfish complex,AI,female,109.24841535968744
2012,30060,Pacific ocean perch,AI,female,462.95291328883883
2012,30420,northern rockfish,AI,female,113.68900671521814
2014,10110,arrowtooth flounder,AI,female,876.8118691743088
2014,10112,Kamchatka flounder,AI,female,174.29695143414148
2014,21720,Pacific cod,AI,female,601.9373519604314
2014,21740,walleye pollock,AI,female,42.12431141601802
2014,21921,Atka mackerel,AI,female,160.2589378653432
2014,30050,REBS rockfish complex,AI,female,118.1032240133829
2014,30060,Pacific ocean perch,AI,female,216.48384247415825
2014,30420,northern rockfish,AI,female,215.30864771080508
2016,10110,arrowtooth flounder,AI,female,785.613495011878
2016,10112,Kamchatka flounder,AI,female,237.5039563226943
2016,21720,Pacific cod,AI,female,705.1591014202313
2016,21740,walleye pollock,AI,female,138.99296813198518
2016,21921,Atka mackerel,AI,female,71.13972949631446
2016,30050,REBS rockfish complex,AI,female,128.29083273669744
2016,30060,Pacific ocean perch,AI,female,772.4822573943154
2016,30420,northern rockfish,AI,female,260.867691572975
2018,10110,arrowtooth flounder,AI,female,1011.6463811533147
2018,10112,Kamchatka flounder,AI,female,229.0399049384791
2018,21720,Pacific cod,AI,female,669.8103723280107
2018,21740,walleye pollock,AI,female,310.79759293068696
2018,21921,Atka mackerel,AI,female,101.93181247448169
2018,30050,REBS rockfish complex,AI,female,106.21513856081218
2018,30060,Pacific ocean perch,AI,female,591.0698698423683
2018,30420,northern rockfish,AI,female,278.1539451921656
1980,10110,arrowtooth flounder,AI,male,NA
1980,10112,Kamchatka flounder,AI,male,11.54250654294582
1980,21720,Pacific cod,AI,male,311.9137538196735
1980,21740,walleye pollock,AI,male,53.43069467141362
1980,21921,Atka mackerel,AI,male,26.946019729302968
1980,30050,REBS rockfish complex,AI,male,25.965847653026767
1980,30060,Pacific ocean perch,AI,male,34.40211071945854
1980,30420,northern rockfish,AI,male,NA
1983,10110,arrowtooth flounder,AI,male,201.83229046821373
1983,10112,Kamchatka flounder,AI,male,81.09363452010193
1983,21720,Pacific cod,AI,male,408.47036475913137
1983,21740,walleye pollock,AI,male,751.6851332218179
1983,21921,Atka mackerel,AI,male,72.76832506516965
1983,30050,REBS rockfish complex,AI,male,295.8805781966269
1983,30060,Pacific ocean perch,AI,male,305.9500837044888
1983,30420,northern rockfish,AI,male,96.07791386131204
1986,10110,arrowtooth flounder,AI,male,105.17380261770279
1986,21720,Pacific cod,AI,male,328.73143405288084
1986,21740,walleye pollock,AI,male,116.02621500947642
1986,21921,Atka mackerel,AI,male,43.108563286141525
1986,30050,REBS rockfish complex,AI,male,98.95208769430685
1986,30060,Pacific ocean perch,AI,male,360.4329136567967
1986,30420,northern rockfish,AI,male,196.12648213987933
1991,10110,arrowtooth flounder,AI,male,405.79684380537424
1991,10112,Kamchatka flounder,AI,male,155.94756497719933
1991,21720,Pacific cod,AI,male,264.43510954648013
1991,21740,walleye pollock,AI,male,335.3327917358975
1991,21921,Atka mackerel,AI,male,199.66245379924217
1991,30050,REBS rockfish complex,AI,male,89.81287381184922
1991,30060,Pacific ocean perch,AI,male,268.951100176486
1991,30420,northern rockfish,AI,male,82.89976159196476
1994,10110,arrowtooth flounder,AI,male,612.8400958388145
1994,10112,Kamchatka flounder,AI,male,157.58862742944484
1994,21720,Pacific cod,AI,male,119.44038522317487
1994,21740,walleye pollock,AI,male,198.2139260720633
1994,21921,Atka mackerel,AI,male,105.9139722890861
1994,30050,REBS rockfish complex,AI,male,264.2974287826439
1994,30060,Pacific ocean perch,AI,male,296.70413227115716
1994,30420,northern rockfish,AI,male,97.286134743576
1997,10110,arrowtooth flounder,AI,male,552.4147357949355
1997,10112,Kamchatka flounder,AI,male,178.84614142830506
1997,21720,Pacific cod,AI,male,435.27441390665933
1997,21740,walleye pollock,AI,male,407.98209717347214
1997,21921,Atka mackerel,AI,male,144.5105441823867
1997,30050,REBS rockfish complex,AI,male,147.2494042187286
1997,30060,Pacific ocean perch,AI,male,415.29130042284464
1997,30420,northern rockfish,AI,male,133.40725275419769
2000,10110,arrowtooth flounder,AI,male,353.15169614599495
2000,10112,Kamchatka flounder,AI,male,280.84204820666247
2000,21720,Pacific cod,AI,male,457.1086083234702
2000,21740,walleye pollock,AI,male,189.45397733935934
2000,21921,Atka mackerel,AI,male,70.47184637573454
2000,30050,REBS rockfish complex,AI,male,231.33635805729637
2000,30060,Pacific ocean perch,AI,male,342.4376853136767
2000,30420,northern rockfish,AI,male,167.29715337158157
2002,10110,arrowtooth flounder,AI,male,560.3605686693664
2002,10112,Kamchatka flounder,AI,male,282.89771682480216
2002,21720,Pacific cod,AI,male,520.9076797516536
2002,21740,walleye pollock,AI,male,342.41461728249004
2002,21921,Atka mackerel,AI,male,257.06234688866095
2002,30050,REBS rockfish complex,AI,male,46.02242006644107
2002,30060,Pacific ocean perch,AI,male,263.13383108395186
2002,30420,northern rockfish,AI,male,202.79909967542764
2004,10110,arrowtooth flounder,AI,male,476.7547211274237
2004,10112,Kamchatka flounder,AI,male,246.5765091647835
2004,21720,Pacific cod,AI,male,580.7475962347135
2004,21740,walleye pollock,AI,male,173.46052402033476
2004,21921,Atka mackerel,AI,male,476.4937662892212
2004,30050,REBS rockfish complex,AI,male,203.54417470197276
2004,30060,Pacific ocean perch,AI,male,683.3471868066665
2004,30420,northern rockfish,AI,male,200.63847432078472
2006,10110,arrowtooth flounder,AI,male,346.49978659154374
2006,10112,Kamchatka flounder,AI,male,278.67319526232944
2006,21720,Pacific cod,AI,male,363.20941348495643
2006,21740,walleye pollock,AI,male,205.25376083667518
2006,21921,Atka mackerel,AI,male,139.87849402035584
2006,30050,REBS rockfish complex,AI,male,179.6202153946271
2006,30060,Pacific ocean perch,AI,male,573.5949402197917
2006,30420,northern rockfish,AI,male,203.0785924179407
2010,10110,arrowtooth flounder,AI,male,259.8347090895158
2010,10112,Kamchatka flounder,AI,male,163.14142586546222
2010,21720,Pacific cod,AI,male,566.5723585140502
2010,21740,walleye pollock,AI,male,122.94584884174778
2010,21921,Atka mackerel,AI,male,148.37506712958236
2010,30050,REBS rockfish complex,AI,male,109.56435160186857
2010,30060,Pacific ocean perch,AI,male,754.427554132171
2010,30420,northern rockfish,AI,male,247.6302731830719
2012,10110,arrowtooth flounder,AI,male,218.28054728071277
2012,10112,Kamchatka flounder,AI,male,207.66887008003508
2012,21720,Pacific cod,AI,male,439.67198299036386
2012,21740,walleye pollock,AI,male,114.3687789563519
2012,21921,Atka mackerel,AI,male,180.06176668083677
2012,30050,REBS rockfish complex,AI,male,121.55317556502845
2012,30060,Pacific ocean perch,AI,male,706.3524272900072
2012,30420,northern rockfish,AI,male,69.20277464446217
2014,10110,arrowtooth flounder,AI,male,465.189977214288
2014,10112,Kamchatka flounder,AI,male,111.9848736190281
2014,21720,Pacific cod,AI,male,662.450584261711
2014,21740,walleye pollock,AI,male,56.38607387616329
2014,21921,Atka mackerel,AI,male,151.50413614375103
2014,30050,REBS rockfish complex,AI,male,132.20334562767454
2014,30060,Pacific ocean perch,AI,male,273.7631917160741
2014,30420,northern rockfish,AI,male,158.3095571242855
2016,10110,arrowtooth flounder,AI,male,270.94334316985004
2016,10112,Kamchatka flounder,AI,male,250.13323220947714
2016,21720,Pacific cod,AI,male,787.5320545830303
2016,21740,walleye pollock,AI,male,67.6760396755731
2016,21921,Atka mackerel,AI,male,72.16798137977743
2016,30050,REBS rockfish complex,AI,male,138.8462205559964
2016,30060,Pacific ocean perch,AI,male,838.5175755761376
2016,30420,northern rockfish,AI,male,221.16283475621768
2018,10110,arrowtooth flounder,AI,male,464.2228111380418
2018,10112,Kamchatka flounder,AI,male,220.59138593026285
2018,21720,Pacific cod,AI,male,591.036942247439
2018,21740,walleye pollock,AI,male,170.4849447040128
2018,21921,Atka mackerel,AI,male,125.04905544899994
2018,30050,REBS rockfish complex,AI,male,114.57325561859213
2018,30060,Pacific ocean perch,AI,male,955.9334206874939
2018,30420,northern rockfish,AI,male,343.814013802962
1980,10110,arrowtooth flounder,AI,total,38.64136705661676
1980,10112,Kamchatka flounder,AI,total,24.75771366027763
1980,21720,Pacific cod,AI,total,479.6298228543904
1980,21740,walleye pollock,AI,total,57.38620107147588
1980,21921,Atka mackerel,AI,total,31.958977155011276
1980,30050,REBS rockfish complex,AI,total,57.11201653636966
1980,30060,Pacific ocean perch,AI,total,67.80684436235853
1980,30420,northern rockfish,AI,total,33.919051036019034
1983,10110,arrowtooth flounder,AI,total,452.99766287071316
1983,10112,Kamchatka flounder,AI,total,112.13331000925925
1983,21720,Pacific cod,AI,total,743.983744932271
1983,21740,walleye pollock,AI,total,515.7502549257997
1983,21921,Atka mackerel,AI,total,123.00471607739982
1983,30050,REBS rockfish complex,AI,total,456.749597396287
1983,30060,Pacific ocean perch,AI,total,488.584208152504
1983,30420,northern rockfish,AI,total,166.69321887077672
1986,10110,arrowtooth flounder,AI,total,226.91550425566183
1986,21720,Pacific cod,AI,total,443.20915602048734
1986,21740,walleye pollock,AI,total,165.97222268285032
1986,21921,Atka mackerel,AI,total,68.06795899492704
1986,30050,REBS rockfish complex,AI,total,131.2780336392128
1986,30060,Pacific ocean perch,AI,total,515.6884548496995
1986,30420,northern rockfish,AI,total,256.996914595035
1991,10110,arrowtooth flounder,AI,total,697.2968782006587
1991,10112,Kamchatka flounder,AI,total,265.64421479687536
1991,21720,Pacific cod,AI,total,348.79803377840506
1991,21740,walleye pollock,AI,total,466.516399915042
1991,21921,Atka mackerel,AI,total,260.0882156065275
1991,30050,REBS rockfish complex,AI,total,127.47637106794738
1991,30060,Pacific ocean perch,AI,total,292.3981029524627
1991,30420,northern rockfish,AI,total,105.9865444781974
1994,10110,arrowtooth flounder,AI,total,1398.36847535404
1994,10112,Kamchatka flounder,AI,total,264.58436384673524
1994,21720,Pacific cod,AI,total,137.16246781250183
1994,21740,walleye pollock,AI,total,268.29010772115936
1994,21921,Atka mackerel,AI,total,146.02162934376423
1994,30050,REBS rockfish complex,AI,total,480.30130343551866
1994,30060,Pacific ocean perch,AI,total,377.8440609173551
1994,30420,northern rockfish,AI,total,92.31677432262377
1997,10110,arrowtooth flounder,AI,total,966.1684141179386
1997,10112,Kamchatka flounder,AI,total,309.7927320791086
1997,21720,Pacific cod,AI,total,535.5696008406323
1997,21740,walleye pollock,AI,total,691.6398595808749
1997,21921,Atka mackerel,AI,total,184.347546225269
1997,30050,REBS rockfish complex,AI,total,251.35110848304586
1997,30060,Pacific ocean perch,AI,total,508.7499132459201
1997,30420,northern rockfish,AI,total,158.38484512961745
2000,10110,arrowtooth flounder,AI,total,859.2999076286643
2000,10112,Kamchatka flounder,AI,total,436.5308136715716
2000,21720,Pacific cod,AI,total,668.7067663481271
2000,21740,walleye pollock,AI,total,257.38904975879007
2000,21921,Atka mackerel,AI,total,91.29876293734202
2000,30050,REBS rockfish complex,AI,total,390.05910649916234
2000,30060,Pacific ocean perch,AI,total,460.78847303599235
2000,30420,northern rockfish,AI,total,248.55145495765183
2002,10110,arrowtooth flounder,AI,total,1277.9218843997094
2002,10112,Kamchatka flounder,AI,total,402.0816650533701
2002,21720,Pacific cod,AI,total,765.1413089017732
2002,21740,walleye pollock,AI,total,520.42314249112
2002,21921,Atka mackerel,AI,total,306.3584686649762
2002,30050,REBS rockfish complex,AI,total,101.12764208078582
2002,30060,Pacific ocean perch,AI,total,322.42249261094526
2002,30420,northern rockfish,AI,total,284.38524061161195
2004,10110,arrowtooth flounder,AI,total,1294.774908073679
2004,10112,Kamchatka flounder,AI,total,368.8050386412238
2004,21720,Pacific cod,AI,total,998.0938010312401
2004,21740,walleye pollock,AI,total,286.70902228256983
2004,21921,Atka mackerel,AI,total,662.5587967937128
2004,30050,REBS rockfish complex,AI,total,370.5924327325135
2004,30060,Pacific ocean perch,AI,total,899.214852195132
2004,30420,northern rockfish,AI,total,357.57419071502335
2006,10110,arrowtooth flounder,AI,total,768.679752735261
2006,10112,Kamchatka flounder,AI,total,404.417025161443
2006,21720,Pacific cod,AI,total,538.4222299369375
2006,21740,walleye pollock,AI,total,288.7821416918071
2006,21921,Atka mackerel,AI,total,197.7129672215852
2006,30050,REBS rockfish complex,AI,total,277.8510190533058
2006,30060,Pacific ocean perch,AI,total,715.5231617130634
2006,30420,northern rockfish,AI,total,273.46778058896007
2010,10110,arrowtooth flounder,AI,total,558.9081543074793
2010,10112,Kamchatka flounder,AI,total,257.77630915664815
2010,21720,Pacific cod,AI,total,845.6345504010658
2010,21740,walleye pollock,AI,total,150.5871715139965
2010,21921,Atka mackerel,AI,total,170.8138794490019
2010,30050,REBS rockfish complex,AI,total,185.77708220813133
2010,30060,Pacific ocean perch,AI,total,1003.8713199015735
2010,30420,northern rockfish,AI,total,303.56562507247855
2012,10110,arrowtooth flounder,AI,total,449.9108508891437
2012,10112,Kamchatka flounder,AI,total,323.5952774776769
2012,21720,Pacific cod,AI,total,722.5457968116651
2012,21740,walleye pollock,AI,total,156.17609188406843
2012,21921,Atka mackerel,AI,total,239.54658815557528
2012,30050,REBS rockfish complex,AI,total,173.0532031609182
2012,30060,Pacific ocean perch,AI,total,931.3519623337411
2012,30420,northern rockfish,AI,total,113.71611211737816
2014,10110,arrowtooth flounder,AI,total,1081.925595384729
2014,10112,Kamchatka flounder,AI,total,207.21089316295127
2014,21720,Pacific cod,AI,total,1068.6807122807277
2014,21740,walleye pollock,AI,total,52.027241462092874
2014,21921,Atka mackerel,AI,total,191.98419275217938
2014,30050,REBS rockfish complex,AI,total,205.4223581184276
2014,30060,Pacific ocean perch,AI,total,321.46736647967924
2014,30420,northern rockfish,AI,total,266.90201204406935
2016,10110,arrowtooth flounder,AI,total,659.8608541839735
2016,10112,Kamchatka flounder,AI,total,399.44893214420057
2016,21720,Pacific cod,AI,total,1164.223743141955
2016,21740,walleye pollock,AI,total,114.61392586203911
2016,21921,Atka mackerel,AI,total,86.47999367677258
2016,30050,REBS rockfish complex,AI,total,240.77111461919463
2016,30060,Pacific ocean perch,AI,total,1142.2062553243281
2016,30420,northern rockfish,AI,total,297.52344754458437
2018,10110,arrowtooth flounder,AI,total,1170.2578207589968
2018,10112,Kamchatka flounder,AI,total,315.8056789186459
2018,21720,Pacific cod,AI,total,1026.8748700454892
2018,21740,walleye pollock,AI,total,324.7939492981647
2018,21921,Atka mackerel,AI,total,142.6216199949946
2018,30050,REBS rockfish complex,AI,total,175.27011222701046
2018,30060,Pacific ocean perch,AI,total,1254.744659569654
2018,30420,northern rockfish,AI,total,402.9965899426461
2017,10110,arrowtooth flounder,EBS_SHELF,female,2140.5036181260834
2017,10112,Kamchatka flounder,EBS_SHELF,female,438.9071289939273
2017,10115,Greenland turbot,EBS_SHELF,female,112.08385595545393
2017,10130,flathead sole,EBS_SHELF,female,1829.3419690012474
2017,10210,yellowfin sole,EBS_SHELF,female,1023.859186702079
2017,10261,northern rock sole,EBS_SHELF,female,1353.931756795711
2017,10285,Alaska plaice,EBS_SHELF,female,915.8505958448309
2017,21720,Pacific cod,EBS_SHELF,female,1667.5119831864
2017,21740,walleye pollock,EBS_SHELF,female,2688.2613123653205
2018,10110,arrowtooth flounder,EBS_SHELF,female,1490.622805335863
2018,10112,Kamchatka flounder,EBS_SHELF,female,428.46446942258683
2018,10115,Greenland turbot,EBS_SHELF,female,87.82616354918794
2018,10130,flathead sole,EBS_SHELF,female,1515.8227904885312
2018,10210,yellowfin sole,EBS_SHELF,female,2759.1267278756186
2018,10261,northern rock sole,EBS_SHELF,female,1056.2296282052932
2018,10285,Alaska plaice,EBS_SHELF,female,1425.4596509217024
2018,21720,Pacific cod,EBS_SHELF,female,1728.4895516632653
2018,21740,walleye pollock,EBS_SHELF,female,950.2393968230284
2019,10110,arrowtooth flounder,EBS_SHELF,female,2317.2716889575454
2019,10112,Kamchatka flounder,EBS_SHELF,female,348.65462575670813
2019,10115,Greenland turbot,EBS_SHELF,female,65.91647319826224
2019,10130,flathead sole,EBS_SHELF,female,1547.2760426463644
2019,10210,yellowfin sole,EBS_SHELF,female,1772.3035877540628
2019,10261,northern rock sole,EBS_SHELF,female,1368.6212353883395
2019,10285,Alaska plaice,EBS_SHELF,female,1201.6652841897562
2019,21720,Pacific cod,EBS_SHELF,female,1017.8508049855892
2019,21740,walleye pollock,EBS_SHELF,female,3313.5784739098394
2021,10110,arrowtooth flounder,EBS_SHELF,female,2006.162517248295
2021,10112,Kamchatka flounder,EBS_SHELF,female,316.6405677151091
2021,10115,Greenland turbot,EBS_SHELF,female,44.671090757041625
2021,10130,flathead sole,EBS_SHELF,female,1261.5589920756295
2021,10210,yellowfin sole,EBS_SHELF,female,1057.2072526624684
2021,10261,northern rock sole,EBS_SHELF,female,1307.4348123545294
2021,10285,Alaska plaice,EBS_SHELF,female,945.5539074542567
2021,21720,Pacific cod,EBS_SHELF,female,2359.9125816425076
2021,21740,walleye pollock,EBS_SHELF,female,1601.3052506922472
2017,10110,arrowtooth flounder,EBS_SHELF,male,870.8177749220138
2017,10112,Kamchatka flounder,EBS_SHELF,male,395.5933632959199
2017,10115,Greenland turbot,EBS_SHELF,male,63.86239508536386
2017,10130,flathead sole,EBS_SHELF,male,1518.6514002927095
2017,10210,yellowfin sole,EBS_SHELF,male,584.0116878467526
2017,10261,northern rock sole,EBS_SHELF,male,1222.316610304129
2017,10285,Alaska plaice,EBS_SHELF,male,1064.1389027253597
2017,21720,Pacific cod,EBS_SHELF,male,1678.7552930480754
2017,21740,walleye pollock,EBS_SHELF,male,2558.867520102695
2018,10110,arrowtooth flounder,EBS_SHELF,male,866.0333377727303
2018,10112,Kamchatka flounder,EBS_SHELF,male,422.21020827388287
2018,10115,Greenland turbot,EBS_SHELF,male,44.958657762240854
2018,10130,flathead sole,EBS_SHELF,male,1229.092307956029
2018,10210,yellowfin sole,EBS_SHELF,male,1731.8950847915376
2018,10261,northern rock sole,EBS_SHELF,male,971.3821624540083
2018,10285,Alaska plaice,EBS_SHELF,male,1374.806648694772
2018,21720,Pacific cod,EBS_SHELF,male,1665.4493313454518
2018,21740,walleye pollock,EBS_SHELF,male,981.2460108077544
2019,10110,arrowtooth flounder,EBS_SHELF,male,1240.4305229347196
2019,10112,Kamchatka flounder,EBS_SHELF,male,304.3848870573795
2019,10115,Greenland turbot,EBS_SHELF,male,21.204048629714496
2019,10130,flathead sole,EBS_SHELF,male,1116.856479825663
2019,10210,yellowfin sole,EBS_SHELF,male,954.2876317349571
2019,10261,northern rock sole,EBS_SHELF,male,1253.503965383481
2019,10285,Alaska plaice,EBS_SHELF,male,950.7696047097363
2019,21720,Pacific cod,EBS_SHELF,male,724.722841962999
2019,21740,walleye pollock,EBS_SHELF,male,3084.034552707009
2021,10110,arrowtooth flounder,EBS_SHELF,male,1020.137212033902
2021,10112,Kamchatka flounder,EBS_SHELF,male,297.64725798168763
2021,10115,Greenland turbot,EBS_SHELF,male,10.357441082809933
2021,10130,flathead sole,EBS_SHELF,male,1328.9035412579683
2021,10210,yellowfin sole,EBS_SHELF,male,777.5838792750839
2021,10261,northern rock sole,EBS_SHELF,male,1165.5867033572256
2021,10285,Alaska plaice,EBS_SHELF,male,927.2816048079975
2021,21720,Pacific cod,EBS_SHELF,male,2455.8497264849766
2021,21740,walleye pollock,EBS_SHELF,male,1436.0546032843129
2017,10110,arrowtooth flounder,EBS_SHELF,total,2592.359498146863
2017,10112,Kamchatka flounder,EBS_SHELF,total,757.1469836197809
2017,10115,Greenland turbot,EBS_SHELF,total,176.17212044430795
2017,10130,flathead sole,EBS_SHELF,total,2682.8356289803905
2017,10210,yellowfin sole,EBS_SHELF,total,1051.8956489649727
2017,10261,northern rock sole,EBS_SHELF,total,1972.1645806794686
2017,10285,Alaska plaice,EBS_SHELF,total,1541.5978123060406
2017,21720,Pacific cod,EBS_SHELF,total,2768.487502006166
2017,21740,walleye pollock,EBS_SHELF,total,3853.4875244495724
2018,10110,arrowtooth flounder,EBS_SHELF,total,1974.8814195209766
2018,10112,Kamchatka flounder,EBS_SHELF,total,788.7147201874191
2018,10115,Greenland turbot,EBS_SHELF,total,135.63836041359733
2018,10130,flathead sole,EBS_SHELF,total,2157.9043432266894
2018,10210,yellowfin sole,EBS_SHELF,total,436.28398224996084
2018,10261,northern rock sole,EBS_SHELF,total,1380.31752082223
2018,10285,Alaska plaice,EBS_SHELF,total,2048.9173616874077
2018,21720,Pacific cod,EBS_SHELF,total,2929.3267698504224
2018,21740,walleye pollock,EBS_SHELF,total,1215.5865382214806
2019,10110,arrowtooth flounder,EBS_SHELF,total,3124.5496235586156
2019,10112,Kamchatka flounder,EBS_SHELF,total,579.520078455376
2019,10115,Greenland turbot,EBS_SHELF,total,89.450714825448
2019,10130,flathead sole,EBS_SHELF,total,2199.809935561544
2019,10210,yellowfin sole,EBS_SHELF,total,1937.6020419319327
2019,10261,northern rock sole,EBS_SHELF,total,2403.150391859828
2019,10285,Alaska plaice,EBS_SHELF,total,1654.8091616157906
2019,21720,Pacific cod,EBS_SHELF,total,1239.624780063089
2019,21740,walleye pollock,EBS_SHELF,total,2749.154148789103
2021,10110,arrowtooth flounder,EBS_SHELF,total,2568.0868311064337
2021,10112,Kamchatka flounder,EBS_SHELF,total,588.9549238758024
2021,10115,Greenland turbot,EBS_SHELF,total,57.169611922596864
2021,10130,flathead sole,EBS_SHELF,total,2168.8672738252553
2021,10210,yellowfin sole,EBS_SHELF,total,1238.729976545798
2021,10261,northern rock sole,EBS_SHELF,total,1978.1177023250855
2021,10285,Alaska plaice,EBS_SHELF,total,1494.9322918897485
2021,21720,Pacific cod,EBS_SHELF,total,3683.6151613654997
2021,21740,walleye pollock,EBS_SHELF,total,1972.7338352832041
2008,10112,Kamchatka flounder,EBS_SLOPE,female,364.5368286809913
2008,10115,Greenland turbot,EBS_SLOPE,female,144.9522264305427
2008,30060,Pacific ocean perch,EBS_SLOPE,female,70.8213686355865
2012,10112,Kamchatka flounder,EBS_SLOPE,female,438.5655278016552
2012,10115,Greenland turbot,EBS_SLOPE,female,196.239808724982
2012,30060,Pacific ocean perch,EBS_SLOPE,female,102.62209863064301
2016,10112,Kamchatka flounder,EBS_SLOPE,female,343.6211701392942
2016,10115,Greenland turbot,EBS_SLOPE,female,175.6864219995482
2016,30060,Pacific ocean perch,EBS_SLOPE,female,47.50633945590955
2008,10112,Kamchatka flounder,EBS_SLOPE,male,439.4097136725613
2008,10115,Greenland turbot,EBS_SLOPE,male,223.3392028799242
2008,30060,Pacific ocean perch,EBS_SLOPE,male,85.04373587089712
2012,10112,Kamchatka flounder,EBS_SLOPE,male,319.3720143389629
2012,10115,Greenland turbot,EBS_SLOPE,male,235.54851939517891
2012,30060,Pacific ocean perch,EBS_SLOPE,male,98.84065424583386
2016,10112,Kamchatka flounder,EBS_SLOPE,male,451.432677796593
2016,10115,Greenland turbot,EBS_SLOPE,male,238.59419831666494
2016,30060,Pacific ocean perch,EBS_SLOPE,male,59.29553119048647
2008,10112,Kamchatka flounder,EBS_SLOPE,total,702.9979111170319
2008,10115,Greenland turbot,EBS_SLOPE,total,311.21301210463696
2008,30060,Pacific ocean perch,EBS_SLOPE,total,130.22901243134467
2012,10112,Kamchatka flounder,EBS_SLOPE,total,638.3405020983143
2012,10115,Greenland turbot,EBS_SLOPE,total,323.0308838303975
2012,30060,Pacific ocean perch,EBS_SLOPE,total,176.6280245368967
2016,10112,Kamchatka flounder,EBS_SLOPE,total,753.4945435812655
2016,10115,Greenland turbot,EBS_SLOPE,total,372.1822940584129
2016,30060,Pacific ocean perch,EBS_SLOPE,total,103.03882293272488
