year,species_code,length,males,females,unsexed
2017,10110,30,0,0,0
2018,10110,30,0,0,0
2019,10110,30,0,51127,0
2021,10110,30,0,0,0
2017,10110,70,0,64121,0
2018,10110,70,0,0,0
2019,10110,70,0,0,0
2021,10110,70,0,0,0
2017,10110,80,162786,533891,0
2018,10110,80,0,0,36613
2019,10110,80,0,0,0
2021,10110,80,0,60626,0
2017,10110,90,197642,84065,115975
2018,10110,90,29907,0,22404
2019,10110,90,70415,0,57667
2021,10110,90,116939,0,56160
2017,10110,100,407722,228741,327279
2018,10110,100,0,67260,0
2019,10110,100,0,0,118129
2021,10110,100,0,0,26917
2017,10110,110,979208,788248,442844
2018,10110,110,89664,100454,95872
2019,10110,110,95582,55182,0
2021,10110,110,367871,0,138323
2017,10110,120,869964,1806494,101300
2018,10110,120,349495,149453,114087
2019,10110,120,0,241533,395125
2021,10110,120,0,32794,705801
2017,10110,130,767811,1069001,80735
2018,10110,130,709624,740783,226099
2019,10110,130,428270,350507,591147
2021,10110,130,108106,138982,50317
2017,10110,140,752256,957032,79241
2018,10110,140,4053541,5371651,184794
2019,10110,140,404417,1714909,1285895
2021,10110,140,512540,644956,143657
2017,10110,150,1752747,1645911,57987
2018,10110,150,9308096,13965789,658188
2019,10110,150,1269469,1522593,830459
2021,10110,150,580104,1149886,133243
2017,10110,160,3229367,6611678,79241
2018,10110,160,16802737,25966579,631567
2019,10110,160,1518795,2954899,0
2021,10110,160,1484482,808672,426932
2017,10110,170,6521132,8658131,0
2018,10110,170,25129648,34046644,0
2019,10110,170,2147956,2341381,108580
2021,10110,170,2053448,1939847,133243
2017,10110,180,6168731,11336714,37342
2018,10110,180,21390310,33059677,0
2019,10110,180,3257808,3486735,98203
2021,10110,180,2961482,4571533,0
2017,10110,190,5333034,10193705,0
2018,10110,190,10667855,25640457,0
2019,10110,190,3050949,4635914,182190
2021,10110,190,3858340,4623629,0
2017,10110,200,4629937,7640995,0
2018,10110,200,8838644,17480114,0
2019,10110,200,4382659,4635983,281566
2021,10110,200,8179458,9107487,74669
2017,10110,210,4491032,6606412,0
2018,10110,210,4432085,12480947,59288
2019,10110,210,4339075,8107474,165627
2021,10110,210,10577800,13601679,0
2017,10110,220,4201579,7182045,0
2018,10110,220,7302108,15234478,0
2019,10110,220,5660355,9292125,364380
2021,10110,220,11046654,17914801,74669
2017,10110,230,4244691,6130918,0
2018,10110,230,9047724,12822096,49160
2019,10110,230,4366700,9262747,242255
2021,10110,230,13718795,18165407,0
2017,10110,240,3216434,6302613,0
2018,10110,240,8429106,15222812,0
2019,10110,240,7529695,8264638,114766
2021,10110,240,10096833,17604262,0
2017,10110,250,5133131,7925795,0
2018,10110,250,11594772,20195111,0
2019,10110,250,10651575,9923387,81640
2021,10110,250,8385671,15464028,0
2017,10110,260,4446895,7638545,0
2018,10110,260,11144553,14780514,0
2019,10110,260,16590034,16375770,31952
2021,10110,260,8845804,15373466,74669
2017,10110,270,6495096,7976826,0
2018,10110,270,10001813,21396232,0
2019,10110,270,24124543,22003261,63905
2021,10110,270,10975456,16321512,0
2017,10110,280,6307511,11507383,0
2018,10110,280,9166371,14176912,0
2019,10110,280,30231152,30719122,95857
2021,10110,280,12339882,16121411,0
2017,10110,290,6406283,12549315,0
2018,10110,290,6626892,12195347,0
2019,10110,290,34095683,40519003,159761
2021,10110,290,11832749,15306264,0
2017,10110,300,8387875,14482740,0
2018,10110,300,8339765,12346840,0
2019,10110,300,24210204,38425677,63905
2021,10110,300,13267490,13719734,0
2017,10110,310,8856179,13507480,0
2018,10110,310,7069482,11929902,0
2019,10110,310,14857727,36716769,63905
2021,10110,310,11600765,15651849,57408
2017,10110,320,10524140,16871960,0
2018,10110,320,8264046,13082249,0
2019,10110,320,10346532,28109539,0
2021,10110,320,12245325,14390519,0
2017,10110,330,8207729,17942130,0
2018,10110,330,13687475,12918033,0
2019,10110,330,11440414,17858784,31952
2021,10110,330,14399417,15172615,0
2017,10110,340,9535163,17796797,0
2018,10110,340,10475959,14843200,0
2019,10110,340,9576837,19370019,31952
2021,10110,340,11610647,15322985,29431
2017,10110,350,11080769,18853973,0
2018,10110,350,10549651,18992919,0
2019,10110,350,11451047,16144970,95857
2021,10110,350,12741611,18620412,79566
2017,10110,360,11923826,17718667,0
2018,10110,360,10357546,23395918,0
2019,10110,360,11567316,19483616,0
2021,10110,360,17357651,17362100,57408
2017,10110,370,12381320,21415940,0
2018,10110,370,11826649,19447712,0
2019,10110,370,8220838,17978620,0
2021,10110,370,23548773,19638811,391141
2017,10110,380,13229470,21341303,0
2018,10110,380,14222394,20723421,0
2019,10110,380,7805150,14427933,0
2021,10110,380,25103286,20563387,236176
2017,10110,390,9386583,23491284,0
2018,10110,390,12689559,21981182,0
2019,10110,390,9108481,12077127,0
2021,10110,390,24665224,21607277,518127
2017,10110,400,7046641,17897310,0
2018,10110,400,14867985,22915952,49160
2019,10110,400,9020424,13809314,0
2021,10110,400,20299971,27449676,361710
2017,10110,410,6085877,18172296,0
2018,10110,410,10951097,21595744,0
2019,10110,410,9297186,15602234,0
2021,10110,410,14333063,27486584,231086
2017,10110,420,6000608,15268418,0
2018,10110,420,9638364,20632668,0
2019,10110,420,9309479,15966545,0
2021,10110,420,11558305,26241950,488696
2017,10110,430,4408332,10788844,0
2018,10110,430,7667535,23643731,0
2019,10110,430,9014829,16401952,0
2021,10110,430,5752003,23878085,316472
2017,10110,440,3902589,11616327,0
2018,10110,440,3921964,16919568,0
2019,10110,440,8015025,13811893,0
2021,10110,440,3989984,20263525,86839
2017,10110,450,3348591,8861439,0
2018,10110,450,2487139,17203133,0
2019,10110,450,7869606,16445056,0
2021,10110,450,3012458,13810315,57408
2017,10110,460,1846022,6041806,0
2018,10110,460,3371748,13867674,0
2019,10110,460,4852545,16560302,0
2021,10110,460,3371024,10175051,132077
2017,10110,470,1409389,6981122,0
2018,10110,470,1461279,16100218,0
2019,10110,470,3336169,18301363,0
2021,10110,470,2098487,9115676,57408
2017,10110,480,1958648,6452908,0
2018,10110,480,1923728,11236643,0
2019,10110,480,2312330,15804054,0
2021,10110,480,1105724,7689053,0
2017,10110,490,534874,6329150,0
2018,10110,490,236452,9666975,0
2019,10110,490,1669241,16348091,0
2021,10110,490,1047387,8806429,0
2017,10110,500,334476,6474030,0
2018,10110,500,478593,7551466,0
2019,10110,500,848689,13126296,0
2021,10110,500,708420,9178169,29431
2017,10110,510,175847,8022038,0
2018,10110,510,225700,6145387,0
2019,10110,510,729710,11908777,0
2021,10110,510,854056,5672341,0
2017,10110,520,98373,7662105,0
2018,10110,520,49702,7025285,0
2019,10110,520,72591,9146369,0
2021,10110,520,0,7744152,0
2017,10110,530,110165,8172761,0
2018,10110,530,331632,7979334,0
2019,10110,530,135617,8190049,0
2021,10110,530,567647,6209229,0
2017,10110,540,61208,8058377,0
2018,10110,540,122063,6663680,0
2019,10110,540,93735,5606027,0
2021,10110,540,78613,4826114,0
2017,10110,550,103696,8901818,0
2018,10110,550,107013,6845643,0
2019,10110,550,86510,5549550,0
2021,10110,550,107972,4205315,86839
2017,10110,560,0,9867748,0
2018,10110,560,119288,7297797,0
2019,10110,560,172285,4949751,0
2021,10110,560,138089,4329856,0
2017,10110,570,0,6836915,0
2018,10110,570,243612,7663099,0
2019,10110,570,28488,5751416,0
2021,10110,570,22158,2289249,0
2017,10110,580,29593,7327307,0
2018,10110,580,57171,6592276,0
2019,10110,580,89397,4779747,0
2021,10110,580,0,2594299,0
2017,10110,590,101381,7266187,0
2018,10110,590,129002,7637978,0
2019,10110,590,72766,6273998,0
2021,10110,590,50483,2001993,0
2017,10110,600,0,5014493,0
2018,10110,600,103515,7763559,0
2019,10110,600,74003,6252753,0
2021,10110,600,40589,1164477,0
2017,10110,610,0,3584348,0
2018,10110,610,60350,4706936,0
2019,10110,610,227472,5381763,0
2021,10110,610,0,1472226,0
2017,10110,620,0,3862418,0
2018,10110,620,57171,5052737,49160
2019,10110,620,76537,4877121,0
2021,10110,620,0,1208738,0
2017,10110,630,0,4482869,0
2018,10110,630,28856,5057070,0
2019,10110,630,0,4128317,0
2021,10110,630,62076,1140715,0
2017,10110,640,60856,2304566,0
2018,10110,640,28586,2614281,0
2019,10110,640,134032,3942646,0
2021,10110,640,48043,2052057,0
2017,10110,650,28923,1510767,0
2018,10110,650,57171,2430405,0
2019,10110,650,28974,4077122,0
2021,10110,650,0,1369201,0
2017,10110,660,0,1904986,0
2018,10110,660,41060,1642099,0
2019,10110,660,0,2382233,0
2021,10110,660,0,2304139,0
2017,10110,670,0,830154,0
2018,10110,670,0,1217989,0
2019,10110,670,0,1884253,0
2021,10110,670,0,1602924,0
2017,10110,680,0,925356,0
2018,10110,680,0,984662,0
2019,10110,680,0,1209264,0
2021,10110,680,0,1014781,0
2017,10110,690,0,438836,0
2018,10110,690,28586,1107731,0
2019,10110,690,0,873927,0
2021,10110,690,0,740358,0
2017,10110,700,0,146247,0
2018,10110,700,0,254066,0
2019,10110,700,0,606460,0
2021,10110,700,0,396412,0
2017,10110,710,0,370745,0
2018,10110,710,0,27923,0
2019,10110,710,0,773669,0
2021,10110,710,0,1083254,0
2017,10110,720,0,314517,0
2018,10110,720,0,16548,0
2019,10110,720,0,72508,0
2021,10110,720,0,111305,0
2017,10110,730,0,89377,0
2018,10110,730,0,70315,0
2019,10110,730,0,0,0
2021,10110,730,0,199886,0
2017,10110,740,0,80735,0
2018,10110,740,0,0,0
2019,10110,740,0,36140,0
2021,10110,740,0,396530,0
2017,10110,750,0,0,0
2018,10110,750,0,16548,0
2019,10110,750,0,0,0
2021,10110,750,0,127446,0
2017,10110,760,0,99335,0
2018,10110,760,0,0,0
2019,10110,760,0,47098,0
2021,10110,760,0,0,0
2017,10110,770,0,65507,0
2018,10110,770,0,0,0
2019,10110,770,0,0,0
2021,10110,770,0,0,0
2017,10110,780,0,31049,0
2018,10110,780,0,0,0
2019,10110,780,0,245576,0
2021,10110,780,0,48685,0
2017,10110,790,0,46359,0
2018,10110,790,0,0,0
2019,10110,790,0,0,0
2021,10110,790,0,0,0
2017,10110,800,0,31049,0
2018,10110,800,0,0,0
2019,10110,800,0,0,0
2021,10110,800,0,0,0
2017,10110,810,0,253355,0
2018,10110,810,0,0,0
2019,10110,810,0,0,0
2021,10110,810,0,0,0
2017,10110,820,0,28522,0
2018,10110,820,0,0,0
2019,10110,820,0,0,0
2021,10110,820,0,0,0
2017,10112,80,87413,0,0
2018,10112,80,0,0,0
2019,10112,80,0,0,0
2021,10112,80,0,0,0
2017,10112,90,0,232178,0
2018,10112,90,0,0,0
2019,10112,90,0,0,0
2021,10112,90,0,0,0
2017,10112,100,94143,0,0
2018,10112,100,0,0,0
2019,10112,100,0,0,33125
2021,10112,100,0,0,0
2017,10112,110,31049,26280,29936
2018,10112,110,0,0,30202
2019,10112,110,0,0,88763
2021,10112,110,0,0,0
2017,10112,120,60111,28645,0
2018,10112,120,92621,0,30202
2019,10112,120,0,0,68898
2021,10112,120,0,0,0
2017,10112,130,0,29936,144498
2018,10112,130,174555,265714,0
2019,10112,130,28939,57985,57174
2021,10112,130,0,0,0
2017,10112,140,27673,189792,0
2018,10112,140,213558,485774,30576
2019,10112,140,171871,29046,0
2021,10112,140,30157,0,0
2017,10112,150,211764,150359,0
2018,10112,150,518524,461197,0
2019,10112,150,143127,66258,28587
2021,10112,150,28853,26917,0
2017,10112,160,360999,322198,0
2018,10112,160,761491,878157,0
2019,10112,160,82548,332163,0
2021,10112,160,83875,59319,0
2017,10112,170,966434,918854,26452
2018,10112,170,1730281,1143137,0
2019,10112,170,331876,74779,0
2021,10112,170,232713,130882,52990
2017,10112,180,1676359,1049684,0
2018,10112,180,1505168,828484,0
2019,10112,180,226307,126296,0
2021,10112,180,273610,177784,111127
2017,10112,190,1457353,1283921,0
2018,10112,190,513870,786707,30576
2019,10112,190,316825,345813,0
2021,10112,190,169511,192567,0
2017,10112,200,939664,1589242,0
2018,10112,200,642307,394195,0
2019,10112,200,394317,214845,0
2021,10112,200,678566,272757,0
2017,10112,210,1375015,935060,0
2018,10112,210,762918,501192,16548
2019,10112,210,572947,370350,0
2021,10112,210,507167,356359,52990
2017,10112,220,748697,2009052,0
2018,10112,220,411921,349750,16548
2019,10112,220,428079,676110,0
2021,10112,220,894828,357578,105979
2017,10112,230,1145830,1029584,0
2018,10112,230,1370781,1024257,0
2019,10112,230,489437,385304,0
2021,10112,230,1481029,580346,169264
2017,10112,240,3217842,1762191,0
2018,10112,240,1099131,1396823,0
2019,10112,240,875224,613113,0
2021,10112,240,1348934,1463746,169264
2017,10112,250,2202245,3563995,0
2018,10112,250,1150414,1259223,0
2019,10112,250,997371,882489,0
2021,10112,250,2181964,1331332,227402
2017,10112,260,3102760,2100555,0
2018,10112,260,2075001,1260992,0
2019,10112,260,1602577,1164778,0
2021,10112,260,1140304,1385639,275243
2017,10112,270,3289628,2001303,0
2018,10112,270,1699967,1649007,16548
2019,10112,270,1483782,1497864,0
2021,10112,270,1093281,1341983,290686
2017,10112,280,3573262,3425185,0
2018,10112,280,2051962,1306108,33097
2019,10112,280,1962866,1054231,0
2021,10112,280,906597,741435,285539
2017,10112,290,2955645,2800670,0
2018,10112,290,2419615,1874351,33097
2019,10112,290,1441976,974191,0
2021,10112,290,1197620,759420,227402
2017,10112,300,1837853,2534259,0
2018,10112,300,2748821,2478900,33097
2019,10112,300,942927,782932,0
2021,10112,300,695149,878786,174412
2017,10112,310,2328160,1732663,0
2018,10112,310,2206879,2207270,33097
2019,10112,310,984055,693611,0
2021,10112,310,1043482,826211,116274
2017,10112,320,1706363,1494749,0
2018,10112,320,2182830,2424412,49645
2019,10112,320,1169993,1160177,0
2021,10112,320,843493,698055,0
2017,10112,330,1435494,1958653,0
2018,10112,330,1808692,1871989,33097
2019,10112,330,1698628,1318387,0
2021,10112,330,999784,764885,58137
2017,10112,340,1155582,1707635,0
2018,10112,340,1523116,1312089,16548
2019,10112,340,1890539,2150529,0
2021,10112,340,537377,879627,192170
2017,10112,350,1394184,1467281,0
2018,10112,350,1360575,1948016,33097
2019,10112,350,2588483,1577419,0
2021,10112,350,874741,688295,27054
2017,10112,360,2028154,1017561,0
2018,10112,360,1369388,1304940,33097
2019,10112,360,2056156,1808785,0
2021,10112,360,1257473,799208,174412
2017,10112,370,1407499,1261075,0
2018,10112,370,1091371,814023,0
2019,10112,370,2286702,2221545,0
2021,10112,370,745617,989322,174412
2017,10112,380,1365194,1126691,0
2018,10112,380,1023129,973318,16548
2019,10112,380,1934480,2032677,0
2021,10112,380,1036689,784195,58137
2017,10112,390,921072,1118450,0
2018,10112,390,1010324,1182733,0
2019,10112,390,1871545,1620249,0
2021,10112,390,512368,878887,37643
2017,10112,400,1272343,1030654,0
2018,10112,400,1013209,1005940,0
2019,10112,400,1300967,1400196,0
2021,10112,400,881135,771660,0
2017,10112,410,653431,1326516,0
2018,10112,410,879152,1102307,16548
2019,10112,410,1380413,1601825,0
2021,10112,410,1288183,547875,18821
2017,10112,420,1819888,977289,0
2018,10112,420,1390115,1394244,0
2019,10112,420,1032911,938605,0
2021,10112,420,731410,650476,0
2017,10112,430,1097905,1015962,0
2018,10112,430,1273178,838153,0
2019,10112,430,839588,940652,0
2021,10112,430,504866,706262,90687
2017,10112,440,1071402,1122898,0
2018,10112,440,824542,820173,16548
2019,10112,440,974553,670850,0
2021,10112,440,672045,728215,17758
2017,10112,450,1324129,1906045,0
2018,10112,450,714887,677022,0
2019,10112,450,445500,1086393,0
2021,10112,450,580586,772639,0
2017,10112,460,573429,1304545,0
2018,10112,460,921389,1116575,0
2019,10112,460,433413,855749,0
2021,10112,460,409195,902814,0
2017,10112,470,452312,1427125,0
2018,10112,470,819037,1205754,0
2019,10112,470,601604,865710,0
2021,10112,470,449797,970631,55401
2017,10112,480,282562,644676,0
2018,10112,480,358292,806503,0
2019,10112,480,339627,512699,0
2021,10112,480,405471,663537,0
2017,10112,490,305440,861830,0
2018,10112,490,444769,771763,33097
2019,10112,490,374126,563251,0
2021,10112,490,154297,361905,18821
2017,10112,500,610232,538685,0
2018,10112,500,222910,798150,0
2019,10112,500,192296,852542,0
2021,10112,500,114418,532337,0
2017,10112,510,242806,686013,0
2018,10112,510,251966,517646,0
2019,10112,510,149410,814258,0
2021,10112,510,116165,558754,18821
2017,10112,520,306535,417268,0
2018,10112,520,214816,615123,0
2019,10112,520,191385,667119,0
2021,10112,520,152667,231795,0
2017,10112,530,399818,136246,0
2018,10112,530,19770,204158,0
2019,10112,530,406650,399026,0
2021,10112,530,167207,404870,36579
2017,10112,540,68759,269618,0
2018,10112,540,122146,205776,0
2019,10112,540,326358,576258,0
2021,10112,540,149292,227470,18821
2017,10112,550,19673,187952,0
2018,10112,550,59207,194157,0
2019,10112,550,165848,269214,0
2021,10112,550,58593,108106,0
2017,10112,560,27217,89990,0
2018,10112,560,114051,72334,0
2019,10112,560,157097,113798,0
2021,10112,560,58511,257143,0
2017,10112,570,30370,219556,0
2018,10112,570,64665,390408,0
2019,10112,570,52132,259278,0
2021,10112,570,46762,110210,0
2017,10112,580,0,174659,0
2018,10112,580,99021,255009,0
2019,10112,580,28276,146566,0
2021,10112,580,88466,187658,0
2017,10112,590,0,90404,0
2018,10112,590,26609,119426,0
2019,10112,590,0,341591,0
2021,10112,590,0,173363,0
2017,10112,600,0,182763,0
2018,10112,600,0,288687,0
2019,10112,600,0,280504,0
2021,10112,600,55682,401818,0
2017,10112,610,30370,138603,0
2018,10112,610,0,246049,16548
2019,10112,610,0,178225,0
2021,10112,610,0,48668,0
2017,10112,620,0,0,0
2018,10112,620,31121,227267,0
2019,10112,620,0,114424,0
2021,10112,620,0,191793,0
2017,10112,630,30571,67574,0
2018,10112,630,0,51691,33097
2019,10112,630,0,213517,0
2021,10112,630,0,36920,0
2017,10112,640,0,265378,0
2018,10112,640,0,171088,16548
2019,10112,640,61038,26861,0
2021,10112,640,0,314457,0
2017,10112,650,0,86548,0
2018,10112,650,0,74052,16548
2019,10112,650,29314,319937,0
2021,10112,650,0,189068,17758
2017,10112,660,0,263557,0
2018,10112,660,0,97508,16548
2019,10112,660,0,36494,0
2021,10112,660,0,118219,0
2017,10112,670,0,0,0
2018,10112,670,0,89391,16548
2019,10112,670,0,266018,0
2021,10112,670,0,39169,0
2017,10112,680,0,29826,0
2018,10112,680,0,18334,16548
2019,10112,680,0,0,0
2021,10112,680,0,171380,0
2017,10112,690,0,94143,0
2018,10112,690,0,27807,16548
2019,10112,690,0,75642,0
2021,10112,690,0,35555,0
2017,10112,700,0,120054,0
2018,10112,700,0,0,0
2019,10112,700,0,0,0
2021,10112,700,0,165825,0
2017,10112,710,0,0,0
2018,10112,710,0,0,0
2019,10112,710,0,0,0
2021,10112,710,0,81493,0
2017,10112,720,0,121992,0
2018,10112,720,0,0,0
2019,10112,720,0,0,0
2021,10112,720,0,0,17758
2017,10112,730,0,47981,0
2018,10112,730,0,77661,16548
2019,10112,730,0,0,0
2021,10112,730,0,28622,0
2017,10112,740,0,21598,0
2018,10112,740,0,18105,0
2019,10112,740,0,0,0
2021,10112,740,0,0,0
2017,10112,750,0,30783,0
2018,10112,750,0,122486,0
2019,10112,750,0,0,0
2021,10112,750,0,0,0
2017,10112,760,0,29826,0
2018,10112,760,0,102069,0
2019,10112,760,0,0,0
2021,10112,760,0,41788,0
2017,10112,770,0,0,0
2018,10112,770,0,32790,0
2019,10112,770,0,0,0
2021,10112,770,0,0,0
2017,10112,780,0,97758,0
2018,10112,780,0,0,0
2019,10112,780,0,0,0
2021,10112,780,0,31179,0
2017,10112,790,0,0,0
2018,10112,790,0,31897,0
2019,10112,790,0,0,0
2021,10112,790,0,0,0
2017,10112,820,0,68188,0
2018,10112,820,0,0,0
2019,10112,820,0,28549,0
2021,10112,820,0,0,0
2017,10115,90,0,0,0
2018,10115,90,0,0,0
2019,10115,90,0,0,0
2021,10115,90,0,27799,0
2017,10115,150,28436,0,0
2018,10115,150,31942,0,0
2019,10115,150,0,0,0
2021,10115,150,0,0,0
2017,10115,160,0,0,0
2018,10115,160,62413,0,0
2019,10115,160,0,0,0
2021,10115,160,0,0,0
2017,10115,210,55492,0,0
2018,10115,210,0,0,0
2019,10115,210,0,0,0
2021,10115,210,0,0,0
2017,10115,220,30370,28436,0
2018,10115,220,0,0,0
2019,10115,220,0,0,0
2021,10115,220,0,0,0
2017,10115,230,28750,0,0
2018,10115,230,30637,0,0
2019,10115,230,0,0,0
2021,10115,230,0,0,0
2017,10115,240,0,31771,0
2018,10115,240,0,0,0
2019,10115,240,0,0,0
2021,10115,240,0,0,0
2017,10115,250,57854,0,0
2018,10115,250,0,29092,0
2019,10115,250,0,0,0
2021,10115,250,0,0,0
2017,10115,270,0,60521,0
2018,10115,270,0,0,0
2019,10115,270,0,0,0
2021,10115,270,0,0,0
2017,10115,280,30783,57539,0
2018,10115,280,31439,0,0
2019,10115,280,0,0,0
2021,10115,280,0,0,0
2017,10115,290,0,26582,0
2018,10115,290,0,0,0
2019,10115,290,0,0,0
2021,10115,290,0,0,0
2017,10115,300,30177,18177,0
2018,10115,300,31942,29092,0
2019,10115,300,0,0,0
2021,10115,300,0,0,0
2017,10115,310,0,28750,0
2018,10115,310,0,0,0
2019,10115,310,0,0,0
2021,10115,310,0,0,0
2017,10115,320,58663,0,0
2018,10115,320,34219,0,0
2019,10115,320,0,0,0
2021,10115,320,0,0,0
2017,10115,330,30108,29103,0
2018,10115,330,0,89092,0
2019,10115,330,0,0,0
2021,10115,330,0,0,0
2017,10115,340,30108,29103,0
2018,10115,340,31942,91218,0
2019,10115,340,0,0,0
2021,10115,340,0,0,0
2017,10115,350,0,0,0
2018,10115,350,32570,0,0
2019,10115,350,0,0,0
2021,10115,350,0,0,0
2017,10115,360,117448,75841,0
2018,10115,360,0,0,0
2019,10115,360,0,0,0
2021,10115,360,0,0,0
2017,10115,370,86320,46503,0
2018,10115,370,30905,58184,0
2019,10115,370,0,0,0
2021,10115,370,0,0,0
2017,10115,380,29471,56871,0
2018,10115,380,0,0,0
2019,10115,380,32506,0,0
2021,10115,380,0,0,0
2017,10115,390,29103,58574,0
2018,10115,390,0,29092,0
2019,10115,390,0,0,0
2021,10115,390,32079,30048,0
2017,10115,400,59321,57853,0
2018,10115,400,28781,31942,0
2019,10115,400,30970,0,0
2021,10115,400,0,0,0
2017,10115,410,129150,119281,0
2018,10115,410,28899,0,0
2019,10115,410,0,0,0
2021,10115,410,0,0,0
2017,10115,420,57188,0,0
2018,10115,420,0,91245,0
2019,10115,420,0,0,0
2021,10115,420,0,0,0
2017,10115,430,52469,88030,0
2018,10115,430,30905,57726,0
2019,10115,430,0,0,0
2021,10115,430,0,0,0
2017,10115,440,58806,29485,0
2018,10115,440,123945,0,0
2019,10115,440,0,27507,0
2021,10115,440,30627,0,0
2017,10115,450,30370,84977,0
2018,10115,450,63509,30905,0
2019,10115,450,30970,79639,0
2021,10115,450,0,28022,0
2017,10115,460,190470,0,0
2018,10115,460,28899,0,0
2019,10115,460,0,0,0
2021,10115,460,0,0,0
2017,10115,470,30370,62341,0
2018,10115,470,92216,0,0
2019,10115,470,0,0,0
2021,10115,470,0,0,0
2017,10115,480,87485,29103,0
2018,10115,480,57426,31682,0
2019,10115,480,61376,0,0
2021,10115,480,0,0,0
2017,10115,490,48156,27746,0
2018,10115,490,0,0,0
2019,10115,490,92348,0,0
2021,10115,490,0,0,0
2017,10115,500,39637,65101,0
2018,10115,500,28899,0,0
2019,10115,500,60080,0,0
2021,10115,500,19594,0,0
2017,10115,510,59533,48423,0
2018,10115,510,93958,0,0
2019,10115,510,0,0,0
2021,10115,510,0,0,0
2017,10115,520,140700,131275,0
2018,10115,520,31332,0,0
2019,10115,520,0,0,0
2021,10115,520,0,28962,0
2017,10115,530,59800,0,0
2018,10115,530,60928,29092,0
2019,10115,530,32506,0,0
2021,10115,530,28022,60166,0
2017,10115,540,116769,145586,0
2018,10115,540,61357,31332,0
2019,10115,540,147879,29152,0
2021,10115,540,31576,30048,0
2017,10115,550,119661,145701,0
2018,10115,550,61542,87604,0
2019,10115,550,0,31879,0
2021,10115,550,18622,30756,0
2017,10115,560,150706,87931,0
2018,10115,560,30707,31682,0
2019,10115,560,0,31491,0
2021,10115,560,30048,0,0
2017,10115,570,182994,71429,0
2018,10115,570,123659,60401,0
2019,10115,570,61888,31879,0
2021,10115,570,0,29814,0
2017,10115,580,281253,203814,0
2018,10115,580,63527,28781,0
2019,10115,580,0,61387,0
2021,10115,580,0,28962,0
2017,10115,590,210091,259272,0
2018,10115,590,88713,52303,0
2019,10115,590,56903,118501,0
2021,10115,590,0,0,0
2017,10115,600,437642,151907,0
2018,10115,600,286561,88556,0
2019,10115,600,0,31355,0
2021,10115,600,36153,0,0
2017,10115,610,198059,79399,0
2018,10115,610,156724,154131,0
2019,10115,610,58753,28576,0
2021,10115,610,0,30756,0
2017,10115,620,253168,306309,0
2018,10115,620,111834,266535,0
2019,10115,620,30977,31879,0
2021,10115,620,30291,58070,0
2017,10115,630,166093,495544,0
2018,10115,630,59663,99788,0
2019,10115,630,76758,147939,0
2021,10115,630,29429,0,0
2017,10115,640,69972,353919,0
2018,10115,640,91789,244946,0
2019,10115,640,0,88019,0
2021,10115,640,18870,27782,0
2017,10115,650,49735,505575,0
2018,10115,650,63509,298656,0
2019,10115,650,29279,89328,0
2021,10115,650,0,20106,0
2017,10115,660,87604,382462,0
2018,10115,660,90984,302984,0
2019,10115,660,60843,159934,0
2021,10115,660,59591,58378,0
2017,10115,670,0,318913,0
2018,10115,670,85615,285932,0
2019,10115,670,62605,118177,0
2021,10115,670,0,0,0
2017,10115,680,0,280680,0
2018,10115,680,19211,310420,0
2019,10115,680,32118,85040,0
2021,10115,680,36153,0,0
2017,10115,690,0,245963,0
2018,10115,690,96681,259075,0
2019,10115,690,32506,138519,0
2021,10115,690,0,18980,0
2017,10115,700,27217,226891,0
2018,10115,700,19329,345711,0
2019,10115,700,0,127328,0
2021,10115,700,66201,58640,0
2017,10115,710,0,108045,0
2018,10115,710,0,223767,0
2019,10115,710,66097,508149,0
2021,10115,710,0,0,0
2017,10115,720,0,64434,0
2018,10115,720,30073,117569,0
2019,10115,720,0,172619,0
2021,10115,720,0,133412,0
2017,10115,730,0,96840,0
2018,10115,730,30908,63711,0
2019,10115,730,0,470361,0
2021,10115,730,0,149794,0
2017,10115,740,0,0,0
2018,10115,740,0,202253,0
2019,10115,740,0,276230,0
2021,10115,740,0,174110,0
2017,10115,750,29704,58773,0
2018,10115,750,0,226075,0
2019,10115,750,28950,334291,0
2021,10115,750,32028,155571,0
2017,10115,760,28489,18779,0
2018,10115,760,0,138447,0
2019,10115,760,30245,257815,0
2021,10115,760,0,58195,0
2017,10115,770,0,115051,0
2018,10115,770,31800,0,0
2019,10115,770,26085,136594,0
2021,10115,770,0,188444,0
2017,10115,780,0,0,0
2018,10115,780,0,0,0
2019,10115,780,0,137310,0
2021,10115,780,30291,142812,0
2017,10115,790,0,29471,0
2018,10115,790,0,31721,0
2019,10115,790,0,56923,0
2021,10115,790,0,210966,0
2017,10115,800,0,28750,0
2018,10115,800,0,0,0
2019,10115,800,28627,0,0
2021,10115,800,0,58352,0
2017,10115,810,0,58858,0
2018,10115,810,0,0,0
2019,10115,810,0,60286,0
2021,10115,810,32078,18972,0
2017,10115,820,0,49831,0
2018,10115,820,0,49382,0
2019,10115,820,0,0,0
2021,10115,820,0,85675,0
2017,10115,830,0,0,0
2018,10115,830,0,0,0
2019,10115,830,0,0,0
2021,10115,830,29543,109041,0
2017,10115,840,0,65702,0
2018,10115,840,0,31332,0
2019,10115,840,0,0,0
2021,10115,840,0,30362,0
2017,10115,850,0,20898,0
2018,10115,850,0,29960,0
2019,10115,850,0,0,0
2021,10115,850,0,17758,0
2017,10115,860,0,27484,0
2018,10115,860,0,31332,0
2019,10115,860,0,33302,0
2021,10115,860,0,0,0
2017,10115,880,0,30156,0
2018,10115,880,0,0,0
2019,10115,880,0,0,0
2021,10115,880,0,0,0
2017,10115,890,0,0,0
2018,10115,890,0,27296,0
2019,10115,890,0,0,0
2021,10115,890,0,0,0
2017,10115,900,0,0,0
2018,10115,900,0,0,0
2019,10115,900,0,0,0
2021,10115,900,0,30291,0
2017,10115,910,0,0,0
2018,10115,910,0,0,0
2019,10115,910,0,0,0
2021,10115,910,0,32078,0
2017,10115,920,0,29387,0
2018,10115,920,0,0,0
2019,10115,920,0,28627,0
2021,10115,920,0,0,0
2017,10115,950,0,30269,0
2018,10115,950,0,29552,0
2019,10115,950,0,0,0
2021,10115,950,0,0,0
2017,10115,970,0,18048,0
2018,10115,970,0,0,0
2019,10115,970,0,0,0
2021,10115,970,0,0,0
2017,10115,1010,0,0,0
2018,10115,1010,0,19458,0
2019,10115,1010,0,0,0
2021,10115,1010,0,0,0
2017,10115,1020,0,18779,0
2018,10115,1020,0,0,0
2019,10115,1020,0,0,0
2021,10115,1020,0,0,0
2017,10130,40,0,63817,0
2018,10130,40,0,0,0
2019,10130,40,0,0,0
2021,10130,40,32329,0,0
2017,10130,50,0,0,0
2018,10130,50,0,0,0
2019,10130,50,0,0,73605
2021,10130,50,0,0,468654
2017,10130,60,0,57583,192509
2018,10130,60,164546,0,87882
2019,10130,60,0,0,333475
2021,10130,60,0,0,0
2017,10130,70,416020,267585,1755296
2018,10130,70,61304,0,646478
2019,10130,70,0,0,158442
2021,10130,70,0,0,958223
2017,10130,80,1003496,338749,3660761
2018,10130,80,82318,0,1410028
2019,10130,80,30680,0,553730
2021,10130,80,0,0,260996
2017,10130,90,2476260,1290209,12104319
2018,10130,90,398722,411294,9613565
2019,10130,90,165213,109976,1128892
2021,10130,90,337486,31205,1055611
2017,10130,100,5099387,2094683,11034125
2018,10130,100,4306983,1854504,20167879
2019,10130,100,379696,736509,5182673
2021,10130,100,541506,513602,6154730
2017,10130,110,7407307,5502928,15138374
2018,10130,110,4120807,3258224,30847480
2019,10130,110,1082389,298777,6005310
2021,10130,110,3630976,971530,13970296
2017,10130,120,9566287,7472407,12923317
2018,10130,120,10052641,11086290,39710538
2019,10130,120,2710999,2351670,12714811
2021,10130,120,4559824,3301387,26050587
2017,10130,130,12643203,13497346,3367099
2018,10130,130,18015072,18989586,42545626
2019,10130,130,7368733,6060025,15112605
2021,10130,130,10938098,5430214,20233693
2017,10130,140,14493176,15674791,2126979
2018,10130,140,29599119,26285254,29097278
2019,10130,140,10333214,11551946,14304808
2021,10130,140,24576158,11733884,15403550
2017,10130,150,18377263,24086764,776718
2018,10130,150,42976534,32257255,17848248
2019,10130,150,20158150,14599846,10815726
2021,10130,150,33107828,24215209,5988482
2017,10130,160,32268188,29881849,82612
2018,10130,160,39669652,32520257,4332599
2019,10130,160,32651800,23528643,11916036
2021,10130,160,37274808,26218878,3489926
2017,10130,170,35438206,30068358,0
2018,10130,170,30807483,35215875,614773
2019,10130,170,41853015,30532573,7230125
2021,10130,170,32194639,23037494,1764222
2017,10130,180,40502760,30637097,0
2018,10130,180,38979940,32659584,56297
2019,10130,180,52178721,42221413,4258735
2021,10130,180,34414351,25852365,1172590
2017,10130,190,34325216,31998113,0
2018,10130,190,41670135,37903937,0
2019,10130,190,48847285,42659309,1697478
2021,10130,190,38711884,29547811,1196224
2017,10130,200,37613323,34643638,62598
2018,10130,200,40652293,39010480,61761
2019,10130,200,42812962,37978880,1684212
2021,10130,200,50169290,31097158,471070
2017,10130,210,41993407,42638734,0
2018,10130,210,43268650,32763209,0
2019,10130,210,40735972,37442111,1476566
2021,10130,210,56714400,44825713,501295
2017,10130,220,43310966,38755850,0
2018,10130,220,40759397,42200045,30881
2019,10130,220,34669296,30156781,801570
2021,10130,220,65864616,52244246,244334
2017,10130,230,43145711,43940938,0
2018,10130,230,58408893,44311772,31587
2019,10130,230,36946738,33129806,655566
2021,10130,230,61951502,53734044,430743
2017,10130,240,45580497,39488559,0
2018,10130,240,47452716,38729912,0
2019,10130,240,40599366,31119131,220114
2021,10130,240,58761949,45317232,443368
2017,10130,250,42825343,39209805,0
2018,10130,250,54747012,44381113,0
2019,10130,250,37161420,29826179,436744
2021,10130,250,70142390,51180109,256961
2017,10130,260,49972693,38060344,0
2018,10130,260,55097902,44628278,0
2019,10130,260,38392785,33343374,1100568
2021,10130,260,56981812,46494525,700328
2017,10130,270,51909149,36961351,0
2018,10130,270,42750469,44317378,63173
2019,10130,270,46275343,34755017,770398
2021,10130,270,58691796,46984000,1027842
2017,10130,280,44419942,39546262,0
2018,10130,280,43876696,38465312,94760
2019,10130,280,48892510,38636821,550284
2021,10130,280,50873280,41061864,687703
2017,10130,290,51103745,36631428,0
2018,10130,290,49245289,42244133,302200
2019,10130,290,52831289,35285772,1210625
2021,10130,290,62388626,42130799,443368
2017,10130,300,48205350,33939996,0
2018,10130,300,54812292,44001904,175853
2019,10130,300,55690938,41981895,550284
2021,10130,300,65783692,38871851,443368
2017,10130,310,41707662,29850584,74158
2018,10130,310,47887787,44266179,383294
2019,10130,310,58611513,42082368,660341
2021,10130,310,66369111,45150596,700328
2017,10130,320,40788721,28850550,0
2018,10130,320,38682351,40711218,175853
2019,10130,320,58758585,47822227,539832
2021,10130,320,69626217,58055080,1156322
2017,10130,330,43577605,28365942,0
2018,10130,330,41316381,32189052,182687
2019,10130,330,40066245,47326466,110057
2021,10130,330,59183028,48139823,571848
2017,10130,340,45081413,29322212,148317
2018,10130,340,39322142,31396100,565980
2019,10130,340,39318387,44382099,763430
2021,10130,340,41005387,57224659,571848
2017,10130,350,32277446,28140559,0
2018,10130,350,33632655,29435319,207440
2019,10130,350,33314714,37735597,983544
2021,10130,350,38087149,51515909,385441
2017,10130,360,31282638,27003140,0
2018,10130,360,22944810,29628173,446467
2019,10130,360,32995569,31053319,0
2021,10130,360,37442357,40811452,571848
2017,10130,370,24678705,25608495,0
2018,10130,370,18132675,23636611,207440
2019,10130,370,26929676,25209240,326687
2021,10130,370,22598675,32156686,957289
2017,10130,380,20158757,20901897,152644
2018,10130,380,13650043,19915758,63173
2019,10130,380,22739496,26078261,543317
2021,10130,380,26123815,36727837,0
2017,10130,390,15906334,15375560,0
2018,10130,390,10330001,17898329,358540
2019,10130,390,22209398,16154587,106573
2021,10130,390,17443833,22754752,700328
2017,10130,400,12638104,17518605,74158
2018,10130,400,10213866,13195670,0
2019,10130,400,19736048,18591909,639437
2021,10130,400,15857877,15613941,256961
2017,10130,410,5940034,13304799,0
2018,10130,410,3709406,11469584,245860
2019,10130,410,10511950,17777111,213146
2021,10130,410,7802498,17532976,128480
2017,10130,420,5161970,16058845,0
2018,10130,420,2194331,10935700,94760
2019,10130,420,3973088,19069293,106573
2021,10130,420,7098462,18977226,256961
2017,10130,430,2213127,13994768,0
2018,10130,430,1006633,11229170,31587
2019,10130,430,2837908,20852645,323203
2021,10130,430,4604453,13573648,0
2017,10130,440,1167887,14888620,0
2018,10130,440,918657,8027381,31587
2019,10130,440,1258534,18942778,0
2021,10130,440,577569,15560859,0
2017,10130,450,185039,14705152,0
2018,10130,450,616319,9115400,0
2019,10130,450,593930,20581309,213146
2021,10130,450,484409,12227960,0
2017,10130,460,341198,13609253,0
2018,10130,460,87789,9272828,0
2019,10130,460,121146,15561272,319718
2021,10130,460,57487,14119045,128480
2017,10130,470,149427,6968518,0
2018,10130,470,0,6837316,0
2019,10130,470,29314,11559360,213146
2021,10130,470,267861,12151986,0
2017,10130,480,0,6926402,0
2018,10130,480,32277,5385882,0
2019,10130,480,0,8043374,0
2021,10130,480,114975,5640163,0
2017,10130,490,0,5426775,0
2018,10130,490,0,4484409,0
2019,10130,490,0,6408595,106573
2021,10130,490,0,3565095,0
2017,10130,500,0,4272191,0
2018,10130,500,0,2618960,0
2019,10130,500,0,3684915,106573
2021,10130,500,0,3497259,0
2017,10130,510,0,1845713,0
2018,10130,510,0,956941,0
2019,10130,510,0,3620196,0
2021,10130,510,130223,3788627,0
2017,10130,520,0,1352423,0
2018,10130,520,0,1036677,0
2019,10130,520,0,1533620,0
2021,10130,520,0,717324,0
2017,10130,530,0,918371,0
2018,10130,530,0,605745,0
2019,10130,530,0,512493,106573
2021,10130,530,57487,231653,0
2017,10130,540,0,143462,0
2018,10130,540,0,373109,0
2019,10130,540,0,131632,0
2021,10130,540,0,241924,0
2017,10130,550,0,184502,0
2018,10130,550,0,0,0
2019,10130,550,0,95444,0
2021,10130,550,0,0,0
2017,10130,560,0,308262,0
2018,10130,560,0,0,0
2019,10130,560,0,0,0
2021,10130,560,0,0,0
2017,10130,580,0,114434,0
2018,10130,580,0,0,0
2019,10130,580,0,0,0
2021,10130,580,0,0,0
2017,10210,60,0,0,1139018
2018,10210,60,0,0,0
2019,10210,60,0,0,0
2021,10210,60,0,0,1667511
2017,10210,70,0,0,0
2018,10210,70,0,0,0
2019,10210,70,0,0,0
2021,10210,70,0,0,2233756
2017,10210,80,964699,550749,1139018
2018,10210,80,0,0,0
2019,10210,80,0,0,0
2021,10210,80,2838318,0,833755
2017,10210,90,3775513,12707262,80196
2018,10210,90,285024,0,0
2019,10210,90,500198,0,262450
2021,10210,90,1429991,2679925,1778621
2017,10210,100,11710334,13480755,1550735
2018,10210,100,254917,789737,0
2019,10210,100,9221813,4657808,3679187
2021,10210,100,5993379,4952389,0
2017,10210,110,14194895,9286315,1045361
2018,10210,110,3529043,3309243,702934
2019,10210,110,22969975,20880699,12071784
2021,10210,110,8217500,14462283,566245
2017,10210,120,35271973,25100865,0
2018,10210,120,7564481,8161604,206135452
2019,10210,120,54009979,49731527,6121370
2021,10210,120,40925573,49494194,274517
2017,10210,130,39786363,30574666,823434
2018,10210,130,25658613,17356943,106969804
2019,10210,130,52451876,61014229,9230829
2021,10210,130,94096013,77119855,0
2017,10210,140,46804858,74161935,0
2018,10210,140,28825317,45789399,104915681
2019,10210,140,51473393,61602917,4258766
2021,10210,140,104964782,127936048,0
2017,10210,150,60081248,71766904,0
2018,10210,150,46996970,58002878,181240
2019,10210,150,60308832,57821755,1638709
2021,10210,150,103455114,134562408,0
2017,10210,160,89376466,104101963,0
2018,10210,160,51204558,54048812,0
2019,10210,160,59839662,58284694,0
2021,10210,160,140379263,155075365,0
2017,10210,170,88464246,128312664,0
2018,10210,170,64417979,70695545,181240
2019,10210,170,70806452,58083016,0
2021,10210,170,185193966,187738302,0
2017,10210,180,143757115,141570270,0
2018,10210,180,71210158,77688091,0
2019,10210,180,59310624,62870183,0
2021,10210,180,226095200,228443099,424865
2017,10210,190,185202661,176256615,480440
2018,10210,190,88265414,72856612,0
2019,10210,190,54769891,51935511,180866
2021,10210,190,229279208,254049195,2518534
2017,10210,200,187865527,176915063,0
2018,10210,200,86384456,90926093,0
2019,10210,200,66508715,77052383,0
2021,10210,200,248908699,240331537,3398920
2017,10210,210,173154943,185591058,0
2018,10210,210,86614594,85713962,0
2019,10210,210,64418529,57547361,904329
2021,10210,210,186951131,222974696,5513026
2017,10210,220,186353612,168537040,100633
2018,10210,220,90799681,85429850,175590
2019,10210,220,56260768,57930731,1808658
2021,10210,220,172480348,189721085,9771894
2017,10210,230,180695062,221443874,201266
2018,10210,230,97832990,92660420,0
2019,10210,230,75479372,75367729,2893852
2021,10210,230,139813608,136257398,7637351
2017,10210,240,200777189,188141502,402532
2018,10210,240,102572760,110403038,175590
2019,10210,240,75973227,76793032,2893852
2021,10210,240,133379716,100020588,5088161
2017,10210,250,165386640,217179157,905696
2018,10210,250,124122982,140595484,711537
2019,10210,250,92648854,89540891,3255584
2021,10210,250,99733777,131678774,5502808
2017,10210,260,187826284,199837696,805063
2018,10210,260,131525886,143009577,970334
2019,10210,260,136120041,101214046,3255584
2021,10210,260,112788221,113292664,3388701
2017,10210,270,195150931,185170785,201266
2018,10210,270,141129579,147863515,354239
2019,10210,270,149108344,138262226,723463
2021,10210,270,112889713,91925375,1699460
2017,10210,280,202037732,159095210,704431
2018,10210,280,147202472,124892112,625271
2019,10210,280,162497626,139257887,180866
2021,10210,280,104763419,103851026,1699460
2017,10210,290,192937515,136733479,603798
2018,10210,290,145422425,137422277,1416956
2019,10210,290,177065779,137327524,1266060
2021,10210,290,105108531,103990175,2103888
2017,10210,300,251251527,183352428,503165
2018,10210,300,174168443,139113697,1327632
2019,10210,300,208584115,167006422,723463
2021,10210,300,140262262,112367260,2544689
2017,10210,310,321375395,209413055,603798
2018,10210,310,220268091,167005868,1595605
2019,10210,310,270228246,174658973,542597
2021,10210,310,152753719,110027671,2953618
2017,10210,320,343250614,283092359,603798
2018,10210,320,248444968,193525738,619154
2019,10210,320,320351367,212879474,542597
2021,10210,320,190285221,145396766,3327390
2017,10210,330,281439204,340082774,805063
2018,10210,330,194773725,236797864,1500164
2019,10210,330,257271270,255447619,1085195
2021,10210,330,162991733,158889277,3327390
2017,10210,340,224825124,350745274,1509494
2018,10210,340,141632760,235456596,2297967
2019,10210,340,180418801,238976411,361732
2021,10210,340,125944518,170873715,4156683
2017,10210,350,123511249,343998191,1710760
2018,10210,350,81065933,223749687,2920179
2019,10210,350,89545962,220988309,361732
2021,10210,350,68082209,179112478,4985976
2017,10210,360,50267823,277018018,1710760
2018,10210,360,48484820,200888261,2304084
2019,10210,360,53711861,187962742,904329
2021,10210,360,33710165,139675325,3337609
2017,10210,370,31064284,213003593,1106962
2018,10210,370,19695608,157738903,1512399
2019,10210,370,18491946,159276583,361732
2021,10210,370,12964234,96738422,2073232
2017,10210,380,10557424,155506075,805063
2018,10210,380,8822944,118712400,1429191
2019,10210,380,5146249,124576309,542597
2021,10210,380,7298456,66261195,2083451
2017,10210,390,3123692,106008430,1207595
2018,10210,390,1235829,80609312,890185
2019,10210,390,2211273,84483986,361732
2021,10210,390,3041578,53979172,829293
2017,10210,400,66523,73394957,301899
2018,10210,400,1114607,40366253,267973
2019,10210,400,1646284,39734059,0
2021,10210,400,363933,31702001,414646
2017,10210,410,211709,27302445,201266
2018,10210,410,575916,25093705,178649
2019,10210,410,312001,25456848,180866
2021,10210,410,107854,7443794,0
2017,10210,420,0,16540532,0
2018,10210,420,0,10158834,0
2019,10210,420,29314,10483008,0
2021,10210,420,17661,8423942,0
2017,10210,430,0,3328621,0
2018,10210,430,0,4163112,0
2019,10210,430,0,4238637,0
2021,10210,430,0,1631921,0
2017,10210,440,0,1196686,0
2018,10210,440,0,985353,0
2019,10210,440,0,1134777,0
2021,10210,440,0,664669,0
2017,10210,450,0,1128565,0
2018,10210,450,0,272349,0
2019,10210,450,0,307705,0
2021,10210,450,0,0,0
2017,10210,460,0,0,0
2018,10210,460,0,601489,0
2019,10210,460,0,0,0
2021,10210,460,0,16734,0
2017,10210,500,0,0,0
2018,10210,500,0,0,0
2019,10210,500,0,29499,0
2021,10210,500,0,0,0
2017,10261,40,0,0,1652115
2018,10261,40,0,0,0
2019,10261,40,0,0,0
2021,10261,40,0,0,154954
2017,10261,60,785845,0,3609469
2018,10261,60,0,0,472997
2019,10261,60,0,0,193362
2021,10261,60,0,0,32728
2017,10261,70,4815959,1621860,11589915
2018,10261,70,0,0,1054344
2019,10261,70,0,332096,608036
2021,10261,70,0,0,2744022
2017,10261,80,7585866,2243990,4187315
2018,10261,80,0,662804,768759
2019,10261,80,0,664191,4308852
2021,10261,80,145516,921328,4645756
2017,10261,90,24041371,18286408,2208133
2018,10261,90,1536512,1816705,14989593
2019,10261,90,746204,663367,3265941
2021,10261,90,6357136,2966991,9251398
2017,10261,100,59039910,39975799,6072026
2018,10261,100,9185699,5616054,52781421
2019,10261,100,5605593,4522368,11377884
2021,10261,100,55867666,19336952,43669893
2017,10261,110,98391927,65176726,8373180
2018,10261,110,19705951,15300881,111077409
2019,10261,110,34723478,22221687,43544892
2021,10261,110,108711604,60678489,65178755
2017,10261,120,127335863,116888205,17588573
2018,10261,120,48326984,35770704,168924026
2019,10261,120,91946367,62039883,82416067
2021,10261,120,137005509,83988279,87248482
2017,10261,130,170451863,137927048,18263147
2018,10261,130,71039494,62923708,177210093
2019,10261,130,144908324,113811941,69507593
2021,10261,130,88701240,66953379,63616737
2017,10261,140,140661478,109279755,9666820
2018,10261,140,103485714,86431243,117486179
2019,10261,140,184150129,148342049,62695868
2021,10261,140,106250348,90466896,24189600
2017,10261,150,85712120,83128636,3373361
2018,10261,150,108894890,95141166,67050135
2019,10261,150,248398952,204162355,66699788
2021,10261,150,145419400,134483103,4584654
2017,10261,160,95103719,55765182,1298964
2018,10261,160,99404737,94615996,12615086
2019,10261,160,278570347,215409376,55072397
2021,10261,160,200876362,193669528,1280153
2017,10261,170,87930438,55681706,0
2018,10261,170,75082277,91252472,4849917
2019,10261,170,236785086,201158174,26062760
2021,10261,170,192029704,186179408,0
2017,10261,180,90309226,59388090,0
2018,10261,180,62147602,55907011,845049
2019,10261,180,163450660,149416225,7849653
2021,10261,180,206659535,193814960,0
2017,10261,190,71924352,55537389,0
2018,10261,190,60357530,49624892,1270918
2019,10261,190,106051310,94801158,1473658
2021,10261,190,167078287,159624177,0
2017,10261,200,46812261,42298745,0
2018,10261,200,52218372,45019933,1008315
2019,10261,200,85793850,85568742,948949
2021,10261,200,152416815,158976921,0
2017,10261,210,33615617,32092315,0
2018,10261,210,46419056,38375298,182294
2019,10261,210,74594066,76427248,1916231
2021,10261,210,115445563,107995561,0
2017,10261,220,25986406,30134548,0
2018,10261,220,52951562,47212325,423243
2019,10261,220,58873672,64168211,2554975
2021,10261,220,114570871,129653059,0
2017,10261,230,34703029,17640520,0
2018,10261,230,49485167,37745689,156583
2019,10261,230,54547408,61221263,1916231
2021,10261,230,108944547,110852710,29468
2017,10261,240,35751209,34808813,0
2018,10261,240,42645115,33934126,130210
2019,10261,240,45553093,49851940,3832463
2021,10261,240,140561246,121594959,58937
2017,10261,250,45378548,40944416,0
2018,10261,250,34493572,25595114,135435
2019,10261,250,51566038,45407945,5748694
2021,10261,250,132971508,126288418,58937
2017,10261,260,59898909,36540122,0
2018,10261,260,38070835,23812452,104499
2019,10261,260,53505959,45124146,5916355
2021,10261,260,102314492,105649473,88405
2017,10261,270,73206319,46544359,0
2018,10261,270,47313415,28546917,52415
2019,10261,270,45031517,34316282,3361380
2021,10261,270,95528808,112857161,0
2017,10261,280,136954482,47573008,0
2018,10261,280,102967724,35367182,261413
2019,10261,280,58746142,27351782,3193719
2021,10261,280,105351426,80873921,0
2017,10261,290,225318339,53008141,0
2018,10261,290,165531240,40745580,418658
2019,10261,290,124926868,26707037,3361380
2021,10261,290,97945314,62752735,58937
2017,10261,300,232910073,59685220,0
2018,10261,300,180017295,48230261,523819
2019,10261,300,136487021,31100929,4974190
2021,10261,300,103363771,62457199,29468
2017,10261,310,176800187,61774168,0
2018,10261,310,145048089,50911175,1964406
2019,10261,310,101579442,35350248,1780471
2021,10261,310,103103113,61780373,29468
2017,10261,320,116541264,72609855,0
2018,10261,320,89078965,52265295,1623873
2019,10261,320,78856343,40727312,1277488
2021,10261,320,58389114,55756264,88405
2017,10261,330,72777383,120800002,0
2018,10261,330,42452032,88980241,733149
2019,10261,330,31602346,47519872,2554975
2021,10261,330,31616151,48850435,0
2017,10261,340,35476351,175750875,0
2018,10261,340,23170708,125947435,418989
2019,10261,340,18907323,62420093,1277488
2021,10261,340,9757903,49353559,29468
2017,10261,350,19766755,209731915,0
2018,10261,350,11057740,179388955,130541
2019,10261,350,7135089,119828518,1916231
2021,10261,350,5238071,67562668,29468
2017,10261,360,7743363,198600505,0
2018,10261,360,6083655,184747528,130541
2019,10261,360,1724784,136939460,1916231
2021,10261,360,2283274,83175745,88405
2017,10261,370,3372992,177475186,0
2018,10261,370,1853391,163456378,26042
2019,10261,370,1168697,132267957,1916231
2021,10261,370,2418591,98916161,27256
2017,10261,380,3975776,128145725,0
2018,10261,380,1764123,109509499,52415
2019,10261,380,4496776,98054092,1277488
2021,10261,380,2114625,87524142,0
2017,10261,390,1432192,94770225,0
2018,10261,390,59867,67059522,78457
2019,10261,390,548767,62950489,638744
2021,10261,390,1054833,68747253,56724
2017,10261,400,724686,53648803,0
2018,10261,400,268056,39802481,0
2019,10261,400,100431,45504189,0
2021,10261,400,87893,38524314,0
2017,10261,410,589874,20085439,0
2018,10261,410,0,19743831,0
2019,10261,410,490690,19757896,0
2021,10261,410,310156,20311614,0
2017,10261,420,0,9776996,0
2018,10261,420,39708,6610257,0
2019,10261,420,39089,7315716,0
2021,10261,420,57475,9624142,0
2017,10261,430,0,3709282,0
2018,10261,430,0,2836220,0
2019,10261,430,0,3035009,0
2021,10261,430,0,5361211,0
2017,10261,440,0,1682048,0
2018,10261,440,0,1693209,0
2019,10261,440,167798,1676366,0
2021,10261,440,0,3353607,0
2017,10261,450,0,374332,0
2018,10261,450,0,481737,0
2019,10261,450,0,424648,0
2021,10261,450,0,148417,0
2017,10261,460,0,202856,0
2018,10261,460,0,125751,0
2019,10261,460,0,127775,0
2021,10261,460,0,0,0
2017,10261,470,0,111218,0
2018,10261,470,0,0,0
2019,10261,470,0,0,0
2021,10261,470,0,0,0
2017,10261,480,0,0,0
2018,10261,480,0,20165,0
2019,10261,480,0,0,0
2021,10261,480,0,0,0
2017,10261,490,0,0,0
2018,10261,490,0,31897,0
2019,10261,490,0,0,0
2021,10261,490,0,0,0
2017,10285,60,115207,0,193396
2018,10285,60,0,0,0
2019,10285,60,0,0,0
2021,10285,60,0,0,0
2017,10285,80,0,0,0
2018,10285,80,0,0,0
2019,10285,80,0,0,0
2021,10285,80,0,78680,0
2017,10285,90,0,0,0
2018,10285,90,0,0,0
2019,10285,90,0,0,0
2021,10285,90,42418,0,0
2017,10285,100,98642,0,0
2018,10285,100,132211,0,0
2019,10285,100,0,0,0
2021,10285,100,562467,220803,0
2017,10285,110,0,138253,0
2018,10285,110,66106,141070,24642
2019,10285,110,58542,0,0
2021,10285,110,301441,522750,0
2017,10285,120,0,0,34026
2018,10285,120,141070,90845,0
2019,10285,120,28844,0,0
2021,10285,120,244154,127887,0
2017,10285,130,243540,97389,0
2018,10285,130,66106,107471,59051
2019,10285,130,146454,29587,0
2021,10285,130,1019956,118444,0
2017,10285,140,112622,307462,0
2018,10285,140,80141,33062,59051
2019,10285,140,177794,56672,0
2021,10285,140,680139,124710,0
2017,10285,150,516992,374791,0
2018,10285,150,239366,50712,0
2019,10285,150,207790,60561,0
2021,10285,150,637406,370393,0
2017,10285,160,849323,408817,0
2018,10285,160,75451,80141,0
2019,10285,160,298188,176062,0
2021,10285,160,487490,474184,0
2017,10285,170,754125,714662,0
2018,10285,170,169776,50712,0
2019,10285,170,151076,245257,0
2021,10285,170,1735279,829849,0
2017,10285,180,544109,674841,0
2018,10285,180,721836,133030,0
2019,10285,180,412779,291206,0
2021,10285,180,2942670,1637112,0
2017,10285,190,2006913,1239667,0
2018,10285,190,718617,451233,0
2019,10285,190,1175810,512447,0
2021,10285,190,3838214,2097351,0
2017,10285,200,1495381,956586,0
2018,10285,200,1173753,837548,0
2019,10285,200,1563243,963986,0
2021,10285,200,3608533,4692194,0
2017,10285,210,1914117,1789997,0
2018,10285,210,2036732,1212157,0
2019,10285,210,1540844,1365796,0
2021,10285,210,6524364,3831674,0
2017,10285,220,1924413,1201240,0
2018,10285,220,2078210,1306085,0
2019,10285,220,2031629,3262049,0
2021,10285,220,7042989,6924677,0
2017,10285,230,1536064,1005752,0
2018,10285,230,2748817,2415874,0
2019,10285,230,3191625,2029244,0
2021,10285,230,9814932,6507501,0
2017,10285,240,1966208,2204699,0
2018,10285,240,3399735,2427375,0
2019,10285,240,4829631,2951974,0
2021,10285,240,8899271,7277059,0
2017,10285,250,1736193,3115720,0
2018,10285,250,4724068,2661819,0
2019,10285,250,4818981,4012542,0
2021,10285,250,9040757,9723175,0
2017,10285,260,4069379,2718030,0
2018,10285,260,5064910,2841303,0
2019,10285,260,4780015,3881262,0
2021,10285,260,9130797,8459258,0
2017,10285,270,3823639,3583160,0
2018,10285,270,5407197,3158904,0
2019,10285,270,5143951,4102253,0
2021,10285,270,10926994,7601795,0
2017,10285,280,5480082,5894478,0
2018,10285,280,6050174,4278808,0
2019,10285,280,6353590,4934331,0
2021,10285,280,11725256,6740139,0
2017,10285,290,9597889,6328340,0
2018,10285,290,6826654,4278552,0
2019,10285,290,7427221,4643864,0
2021,10285,290,12327465,10138052,30362
2017,10285,300,8359149,5463980,0
2018,10285,300,10328072,4214562,0
2019,10285,300,8320446,5194587,0
2021,10285,300,13517149,8902331,0
2017,10285,310,14375644,5416202,0
2018,10285,310,13493066,4377570,0
2019,10285,310,10502121,5924242,89487
2021,10285,310,15946863,8261188,0
2017,10285,320,21748675,6868523,0
2018,10285,320,18368000,5926868,0
2019,10285,320,12630688,5824969,0
2021,10285,320,14260833,7739558,0
2017,10285,330,30418203,6378577,0
2018,10285,330,24738936,5878433,0
2019,10285,330,17347724,5637907,0
2021,10285,330,20382070,9650844,0
2017,10285,340,39544121,8460729,0
2018,10285,340,35926613,6605235,0
2019,10285,340,25619819,5919912,0
2021,10285,340,23517398,9260535,0
2017,10285,350,48033752,7171347,0
2018,10285,350,41077264,6856832,0
2019,10285,350,28578435,6455470,89487
2021,10285,350,29611459,11409802,0
2017,10285,360,49004802,10383455,0
2018,10285,360,35610740,7868069,0
2019,10285,360,31239103,6985363,268460
2021,10285,360,25461983,8607883,0
2017,10285,370,38272874,12589236,0
2018,10285,370,29538914,8762455,0
2019,10285,370,24479851,7461538,268460
2021,10285,370,19159890,8669111,54004
2017,10285,380,24574685,13076007,0
2018,10285,380,18124703,8451801,0
2019,10285,380,16079516,9636387,447434
2021,10285,380,15961635,10367205,0
2017,10285,390,14761097,18623464,0
2018,10285,390,11698684,12029638,0
2019,10285,390,9855870,9557580,715894
2021,10285,390,7729164,8504175,16946
2017,10285,400,7262061,23440059,0
2018,10285,400,5511662,14060457,0
2019,10285,400,5157444,11669391,89487
2021,10285,400,4897185,9596201,0
2017,10285,410,2869134,23213847,0
2018,10285,410,3236952,18977024,0
2019,10285,410,3485048,13008226,536920
2021,10285,410,2522021,8747096,0
2017,10285,420,1572836,22918040,0
2018,10285,420,1455006,20599134,0
2019,10285,420,1191464,13383548,447434
2021,10285,420,1623148,12292992,33892
2017,10285,430,265232,21813374,0
2018,10285,430,689188,20671862,0
2019,10285,430,952790,16828516,805380
2021,10285,430,123914,11161561,54004
2017,10285,440,473360,19767392,0
2018,10285,440,664496,20967680,0
2019,10285,440,375215,16859265,357947
2021,10285,440,413768,11340881,0
2017,10285,450,61141,17801949,0
2018,10285,450,1003835,18307070,0
2019,10285,450,77623,16023713,984354
2021,10285,450,447889,11608930,0
2017,10285,460,179024,12947879,0
2018,10285,460,266919,14337915,0
2019,10285,460,252643,14129915,894867
2021,10285,460,125716,9032871,27002
2017,10285,470,110953,14342965,0
2018,10285,470,297112,14083596,0
2019,10285,470,0,10782895,805380
2021,10285,470,585789,8711990,0
2017,10285,480,0,10893232,0
2018,10285,480,274801,10082336,0
2019,10285,480,67049,10280768,626407
2021,10285,480,152988,7844512,0
2017,10285,490,29584,6896745,0
2018,10285,490,178316,7017238,0
2019,10285,490,193646,7409823,1342301
2021,10285,490,0,6631251,30362
2017,10285,500,30571,5343518,0
2018,10285,500,97026,6433973,0
2019,10285,500,0,4848479,268460
2021,10285,500,28271,4643569,0
2017,10285,510,30571,4854033,0
2018,10285,510,262978,4596972,0
2019,10285,510,89832,4492497,626407
2021,10285,510,143538,2602672,16946
2017,10285,520,30571,3716317,0
2018,10285,520,0,3090073,0
2019,10285,520,0,2593970,447434
2021,10285,520,0,1754276,0
2017,10285,530,0,1479194,0
2018,10285,530,0,1456557,0
2019,10285,530,29264,1525536,0
2021,10285,530,0,1142471,0
2017,10285,540,0,1110003,0
2018,10285,540,0,1667698,0
2019,10285,540,0,890496,0
2021,10285,540,266379,1505011,0
2017,10285,550,0,676757,0
2018,10285,550,0,322643,0
2019,10285,550,0,478722,89487
2021,10285,550,0,248673,30362
2017,10285,560,0,105808,0
2018,10285,560,74278,175199,0
2019,10285,560,0,497531,0
2021,10285,560,0,95750,0
2017,10285,570,0,86544,0
2018,10285,570,0,175592,0
2019,10285,570,0,119521,0
2021,10285,570,0,171241,0
2017,10285,580,0,203086,0
2018,10285,580,0,47172,0
2019,10285,580,0,111364,0
2021,10285,580,0,259136,0
2017,10285,590,0,152122,0
2018,10285,590,0,0,0
2019,10285,590,0,0,0
2021,10285,590,0,0,0
2017,10285,600,0,0,0
2018,10285,600,0,86449,0
2019,10285,600,0,29530,0
2021,10285,600,0,0,0
2017,10285,630,0,0,0
2018,10285,630,0,0,0
2019,10285,630,0,28020,0
2021,10285,630,0,0,0
2017,21720,100,0,29636,27860
2018,21720,100,0,0,0
2019,21720,100,0,0,0
2021,21720,100,0,0,0
2017,21720,110,0,0,58131
2018,21720,110,0,0,0
2019,21720,110,0,120180,431760
2021,21720,110,0,29529,167374
2017,21720,120,27178,146486,200992
2018,21720,120,0,77363,0
2019,21720,120,717280,222928,413764
2021,21720,120,30827,0,383431
2017,21720,130,173825,233643,612776
2018,21720,130,77363,58676,0
2019,21720,130,1373338,932394,645488
2021,21720,130,63490,81943,574302
2017,21720,140,320405,174517,836314
2018,21720,140,0,151653,0
2019,21720,140,2355058,2418080,501992
2021,21720,140,444298,201515,1140240
2017,21720,150,292326,521275,520548
2018,21720,150,215203,293448,17748
2019,21720,150,6105768,6110049,676089
2021,21720,150,737135,583413,1058217
2017,21720,160,611226,1021825,142107
2018,21720,160,243465,240991,51985
2019,21720,160,9157031,8249550,306449
2021,21720,160,1054890,899233,414699
2017,21720,170,716591,904710,29733
2018,21720,170,409474,198258,437842
2019,21720,170,15286506,9998631,455865
2021,21720,170,1584186,1754489,484189
2017,21720,180,973184,1045835,28661
2018,21720,180,366090,486055,103972
2019,21720,180,10592758,10866800,0
2021,21720,180,3501741,2982698,289813
2017,21720,190,1174942,1309977,0
2018,21720,190,729629,680488,86904
2019,21720,190,13118670,11320016,66873
2021,21720,190,5518882,4153025,83024
2017,21720,200,1465508,1354086,0
2018,21720,200,563312,634045,71401
2019,21720,200,14548880,14111271,30094
2021,21720,200,6631309,4826637,285753
2017,21720,210,1693959,1957257,0
2018,21720,210,788197,673903,86904
2019,21720,210,15240537,17737873,0
2021,21720,210,6597342,4818345,194170
2017,21720,220,1927902,1968073,0
2018,21720,220,1657402,968646,34135
2019,21720,220,18693848,14114745,0
2021,21720,220,7605042,5547783,194170
2017,21720,230,2052897,2532231,0
2018,21720,230,1500755,1338643,17068
2019,21720,230,14590394,16671261,0
2021,21720,230,7194742,6101614,355978
2017,21720,240,2490276,2660461,0
2018,21720,240,2145719,1465168,17068
2019,21720,240,17428988,15694219,0
2021,21720,240,5253540,4835221,323616
2017,21720,250,2214569,3116202,0
2018,21720,250,1267241,1560599,0
2019,21720,250,17101725,13293710,0
2021,21720,250,5033471,3671302,355978
2017,21720,260,2220393,2697432,0
2018,21720,260,1228007,1077784,0
2019,21720,260,11113651,13585935,0
2021,21720,260,3454474,3056579,323616
2017,21720,270,2245905,1862478,0
2018,21720,270,693034,473009,0
2019,21720,270,9898218,9835272,0
2021,21720,270,1630016,1982044,32362
2017,21720,280,1411371,1531674,0
2018,21720,280,373580,796075,0
2019,21720,280,5373236,7188573,0
2021,21720,280,1503351,1126188,97085
2017,21720,290,1460567,1552096,0
2018,21720,290,678804,555250,0
2019,21720,290,1790761,2026126,0
2021,21720,290,807696,878785,0
2017,21720,300,1448334,1342222,0
2018,21720,300,781251,334437,31800
2019,21720,300,1159736,903515,0
2021,21720,300,1197298,698193,0
2017,21720,310,1873207,1748563,0
2018,21720,310,636281,603703,0
2019,21720,310,279502,523201,0
2021,21720,310,957825,1291783,0
2017,21720,320,1547774,1246922,0
2018,21720,320,1368436,776355,0
2019,21720,320,391603,126632,0
2021,21720,320,1527346,1144358,0
2017,21720,330,1913225,1464985,0
2018,21720,330,1073162,1464454,29406
2019,21720,330,171496,336087,0
2021,21720,330,1251833,1371859,0
2017,21720,340,1951076,1528108,0
2018,21720,340,1588759,1472111,0
2019,21720,340,247426,256176,0
2021,21720,340,1428294,1694507,0
2017,21720,350,1798778,1952116,0
2018,21720,350,2420145,1746529,0
2019,21720,350,325701,181202,0
2021,21720,350,2556789,2282178,0
2017,21720,360,1525192,2293184,0
2018,21720,360,2420177,2228884,17350
2019,21720,360,448773,492717,28322
2021,21720,360,3072064,2816906,0
2017,21720,370,2587611,2114282,0
2018,21720,370,2651381,2534474,0
2019,21720,370,550171,495147,0
2021,21720,370,3963551,3550984,64723
2017,21720,380,2218709,2116073,0
2018,21720,380,2697938,2330304,0
2019,21720,380,940468,674966,0
2021,21720,380,4304152,3635506,32362
2017,21720,390,1814843,2782516,0
2018,21720,390,3168355,3274512,0
2019,21720,390,1003300,867799,0
2021,21720,390,6341372,4563546,64723
2017,21720,400,2547226,2394359,0
2018,21720,400,2978542,3116290,0
2019,21720,400,1585282,1094466,0
2021,21720,400,5814820,5239209,59568
2017,21720,410,2791561,2676874,29244
2018,21720,410,3077818,3047607,0
2019,21720,410,1263962,1652436,0
2021,21720,410,6942530,5664479,0
2017,21720,420,2692091,2212860,0
2018,21720,420,3615670,2674696,0
2019,21720,420,1272602,1707437,0
2021,21720,420,6069757,6418668,22530
2017,21720,430,3136628,2590236,0
2018,21720,430,3198821,3329668,0
2019,21720,430,2226330,2042718,0
2021,21720,430,7680640,6221370,113633
2017,21720,440,3657932,3568578,0
2018,21720,440,2905531,2573216,0
2019,21720,440,2077963,1543620,0
2021,21720,440,6558207,6512360,60379
2017,21720,450,3167444,2748069,0
2018,21720,450,2265157,2326000,0
2019,21720,450,1953803,1556078,0
2021,21720,450,7021687,6647622,28067
2017,21720,460,4027692,3496762,0
2018,21720,460,2244370,1928014,0
2019,21720,460,1985845,2014156,0
2021,21720,460,8116866,6509030,32362
2017,21720,470,3633180,3333188,0
2018,21720,470,2437282,2044209,29406
2019,21720,470,2255261,2027344,0
2021,21720,470,6271378,7135844,0
2017,21720,480,3518846,3717548,0
2018,21720,480,2327080,1807961,0
2019,21720,480,1827969,1984772,0
2021,21720,480,6788119,6079110,120655
2017,21720,490,4807075,3695038,0
2018,21720,490,2697734,2317720,0
2019,21720,490,1872602,1176173,0
2021,21720,490,6429098,5310539,29431
2017,21720,500,5106971,4927015,0
2018,21720,500,2448955,1993422,29406
2019,21720,500,2337068,1769039,0
2021,21720,500,5250740,4709372,133506
2017,21720,510,4285667,4778695,0
2018,21720,510,2290522,2277991,58812
2019,21720,510,1834154,1507461,0
2021,21720,510,4168363,3972530,158694
2017,21720,520,5577438,5143611,0
2018,21720,520,3328571,1857205,88218
2019,21720,520,1529265,1922265,0
2021,21720,520,2813839,3781158,57523
2017,21720,530,5594976,5258774,0
2018,21720,530,3001608,1864539,29406
2019,21720,530,1608966,1584750,0
2021,21720,530,2166433,2737464,151703
2017,21720,540,6694864,5761342,0
2018,21720,540,3027559,2216360,117624
2019,21720,540,1928013,2168189,0
2021,21720,540,2137532,2320925,29456
2017,21720,550,7434005,5897462,0
2018,21720,550,2694736,2077834,147030
2019,21720,550,1874074,1969073,0
2021,21720,550,2305918,1928273,56034
2017,21720,560,6225789,6081301,0
2018,21720,560,2591246,2262721,88218
2019,21720,560,2272918,2027175,0
2021,21720,560,1229152,1806778,28017
2017,21720,570,5894261,6019418,0
2018,21720,570,2380628,2116232,0
2019,21720,570,2084387,1836928,0
2021,21720,570,1661195,1178080,32362
2017,21720,580,5141663,5392209,0
2018,21720,580,2556864,2355064,58812
2019,21720,580,2363744,1732297,0
2021,21720,580,1473733,1104670,0
2017,21720,590,3704899,4578391,0
2018,21720,590,3203436,2539853,0
2019,21720,590,1651115,1532759,0
2021,21720,590,1244601,1146558,58913
2017,21720,600,3939065,3835918,0
2018,21720,600,2705517,2484767,0
2019,21720,600,2043816,1464045,0
2021,21720,600,843062,849628,56135
2017,21720,610,3493500,3963839,0
2018,21720,610,3144191,2367560,120018
2019,21720,610,1837512,1848262,0
2021,21720,610,879215,789000,0
2017,21720,620,2850919,3154912,0
2018,21720,620,2991995,2133719,29406
2019,21720,620,1888911,1620210,0
2021,21720,620,1214335,967745,0
2017,21720,630,3068006,3980724,0
2018,21720,630,3108803,3084371,58812
2019,21720,630,2290700,1803890,0
2021,21720,630,1326424,866486,56135
2017,21720,640,3239339,2271857,29244
2018,21720,640,2898607,3135314,0
2019,21720,640,2317833,1796899,0
2021,21720,640,1180072,665087,28017
2017,21720,650,2208340,2689845,0
2018,21720,650,2701795,2674274,58812
2019,21720,650,1999391,1512243,0
2021,21720,650,867386,848020,120772
2017,21720,660,2150672,2098740,29244
2018,21720,660,2036328,2720029,31800
2019,21720,660,2189700,1993251,0
2021,21720,660,1152548,952021,0
2017,21720,670,2288979,2011213,29244
2018,21720,670,2545326,2885701,58812
2019,21720,670,1624454,1731346,0
2021,21720,670,1343662,769125,57379
2017,21720,680,2035247,1912333,0
2018,21720,680,1855334,2341938,0
2019,21720,680,1928785,1830432,0
2021,21720,680,1102489,872241,28067
2017,21720,690,1909756,2690006,0
2018,21720,690,1818372,2505687,61206
2019,21720,690,1715965,1539640,0
2021,21720,690,1340547,894900,112415
2017,21720,700,2285295,1795971,29244
2018,21720,700,1731868,2350139,0
2019,21720,700,1828811,1516889,0
2021,21720,700,933278,941035,85591
2017,21720,710,1301623,1705568,0
2018,21720,710,1144389,1777612,0
2019,21720,710,1556142,1877041,0
2021,21720,710,1650276,1065800,28067
2017,21720,720,1124090,1421206,29244
2018,21720,720,955833,1965298,0
2019,21720,720,1280260,1864870,0
2021,21720,720,1218327,880069,28017
2017,21720,730,1740380,1725704,0
2018,21720,730,1052624,1707998,0
2019,21720,730,1528587,2280661,0
2021,21720,730,1345720,1034462,28067
2017,21720,740,1076357,1326975,0
2018,21720,740,872734,1131083,0
2019,21720,740,1443079,2025810,0
2021,21720,740,1241663,1018877,22530
2017,21720,750,998305,1722895,29244
2018,21720,750,756231,955644,0
2019,21720,750,1031063,1529399,0
2021,21720,750,1166389,822539,51842
2017,21720,760,970339,1588224,29244
2018,21720,760,609404,1002167,31800
2019,21720,760,1417883,1420185,0
2021,21720,760,1147001,768300,28067
2017,21720,770,882920,1445032,0
2018,21720,770,769145,1186490,31800
2019,21720,770,956404,1578947,0
2021,21720,770,1008061,1101020,85566
2017,21720,780,738330,1186343,0
2018,21720,780,443765,870824,0
2019,21720,780,1049429,1918369,0
2021,21720,780,928601,1284385,56135
2017,21720,790,722049,1249022,0
2018,21720,790,545602,980398,0
2019,21720,790,639760,1072050,0
2021,21720,790,912761,786922,29456
2017,21720,800,632817,1285431,0
2018,21720,800,367540,1252811,0
2019,21720,800,679856,1316676,0
2021,21720,800,768733,798909,56084
2017,21720,810,144440,445374,0
2018,21720,810,446187,675391,0
2019,21720,810,543998,1062459,0
2021,21720,810,775363,1009156,28067
2017,21720,820,284089,862424,0
2018,21720,820,292205,711780,0
2019,21720,820,351698,756805,0
2021,21720,820,871523,1304448,28067
2017,21720,830,338349,627602,0
2018,21720,830,324215,664559,0
2019,21720,830,274820,668422,0
2021,21720,830,768810,880288,56135
2017,21720,840,151771,491372,0
2018,21720,840,214029,571031,31800
2019,21720,840,427174,784051,0
2021,21720,840,490382,1042041,0
2017,21720,850,223269,124609,0
2018,21720,850,95192,276698,0
2019,21720,850,243376,657762,0
2021,21720,850,641086,973880,78665
2017,21720,860,77914,235995,0
2018,21720,860,94013,439780,0
2019,21720,860,156872,446557,0
2021,21720,860,430120,758605,28017
2017,21720,870,104888,325851,0
2018,21720,870,75923,523307,0
2019,21720,870,185251,637117,0
2021,21720,870,525678,895255,28067
2017,21720,880,164028,159037,0
2018,21720,880,83380,324836,0
2019,21720,880,259305,355538,0
2021,21720,880,363181,961607,114997
2017,21720,890,177811,311080,0
2018,21720,890,53161,262522,0
2019,21720,890,77041,579651,0
2021,21720,890,323979,744517,0
2017,21720,900,0,107485,0
2018,21720,900,0,297962,0
2019,21720,900,217322,443852,0
2021,21720,900,245023,626152,56135
2017,21720,910,107600,123201,0
2018,21720,910,47811,118328,0
2019,21720,910,0,315651,0
2021,21720,910,122198,508376,0
2017,21720,920,31500,215211,0
2018,21720,920,0,119292,0
2019,21720,920,60506,269411,0
2021,21720,920,132999,405960,84202
2017,21720,930,0,97769,0
2018,21720,930,0,113116,0
2019,21720,930,16861,252037,0
2021,21720,930,87609,356242,0
2017,21720,940,30440,147214,0
2018,21720,940,0,131979,0
2019,21720,940,46428,251685,0
2021,21720,940,121787,340566,29312
2017,21720,950,18177,134164,0
2018,21720,950,0,110013,0
2019,21720,950,0,235587,0
2021,21720,950,138871,195213,28067
2017,21720,960,15490,0,0
2018,21720,960,0,81605,0
2019,21720,960,0,97089,0
2021,21720,960,59341,366978,0
2017,21720,970,41566,74926,0
2018,21720,970,0,93919,0
2019,21720,970,0,140362,0
2021,21720,970,107438,328161,0
2017,21720,980,0,17643,0
2018,21720,980,0,138783,0
2019,21720,980,0,164670,0
2021,21720,980,0,135849,0
2017,21720,990,0,0,0
2018,21720,990,0,107241,0
2019,21720,990,30245,75682,0
2021,21720,990,26429,194326,29431
2017,21720,1000,16505,0,0
2018,21720,1000,0,19253,0
2019,21720,1000,32118,57477,0
2021,21720,1000,31173,180266,0
2017,21720,1010,0,0,0
2018,21720,1010,0,0,0
2019,21720,1010,0,31400,0
2021,21720,1010,28319,254998,0
2017,21720,1020,0,0,0
2018,21720,1020,0,62874,0
2019,21720,1020,0,28717,0
2021,21720,1020,0,47672,28067
2017,21720,1030,0,0,0
2018,21720,1030,0,0,0
2019,21720,1030,0,0,0
2021,21720,1030,0,74978,0
2017,21720,1040,0,0,0
2018,21720,1040,0,0,0
2019,21720,1040,0,62114,0
2021,21720,1040,0,84636,0
2017,21720,1050,0,19384,0
2018,21720,1050,0,0,0
2019,21720,1050,0,0,0
2021,21720,1050,0,56288,0
2017,21720,1070,0,0,0
2018,21720,1070,0,0,0
2019,21720,1070,0,29821,0
2021,21720,1070,0,18622,0
2017,21720,1080,0,0,0
2018,21720,1080,0,0,0
2019,21720,1080,0,0,0
2021,21720,1080,0,45129,0
2017,21720,1100,0,0,0
2018,21720,1100,0,0,0
2019,21720,1100,0,0,0
2021,21720,1100,0,28090,0
2017,21740,40,0,0,0
2018,21740,40,0,0,0
2019,21740,40,0,0,58101
2021,21740,40,0,0,0
2017,21740,50,0,0,0
2018,21740,50,0,0,0
2019,21740,50,0,779725,0
2021,21740,50,0,0,0
2017,21740,70,0,0,0
2018,21740,70,0,0,24642
2019,21740,70,0,0,0
2021,21740,70,0,0,0
2017,21740,80,47113,113055,218441
2018,21740,80,0,0,192522
2019,21740,80,0,0,0
2021,21740,80,0,0,31474
2017,21740,90,0,0,783780
2018,21740,90,0,0,1076239
2019,21740,90,0,0,1213944
2021,21740,90,0,0,235685
2017,21740,100,0,58299,6777042
2018,21740,100,197620,124657,8202832
2019,21740,100,177522,0,11800410
2021,21740,100,0,0,6326714
2017,21740,110,0,234250,18886653
2018,21740,110,30707,73822,26349651
2019,21740,110,3428810,401706,65973759
2021,21740,110,422436,541996,53883849
2017,21740,120,526933,1869076,36215411
2018,21740,120,741091,651805,64715296
2019,21740,120,5198093,3403823,181973090
2021,21740,120,1836336,1447480,106475939
2017,21740,130,6100686,4612463,45834615
2018,21740,130,3665602,2128075,146816598
2019,21740,130,24563961,22568322,238121407
2021,21740,130,3532407,2598277,110004617
2017,21740,140,16831990,9642888,43036835
2018,21740,140,8511056,11216281,171193827
2019,21740,140,56075928,44239116,190265315
2021,21740,140,11704542,11013653,83099334
2017,21740,150,23179614,19916744,36892165
2018,21740,150,30253331,16248384,118232798
2019,21740,150,57615033,47520462,77452119
2021,21740,150,20894004,18821664,57101151
2017,21740,160,31045312,32025136,19997827
2018,21740,160,53694608,40500171,60942002
2019,21740,160,39629883,41575656,31553538
2021,21740,160,33557071,25137125,29297543
2017,21740,170,32205942,27892128,8675681
2018,21740,170,47877038,36483240,18736357
2019,21740,170,29298006,28151132,17587403
2021,21740,170,31872352,21802580,11005992
2017,21740,180,19801427,20489858,6312580
2018,21740,180,44816301,30381862,9292858
2019,21740,180,14770966,13856897,5535736
2021,21740,180,17389492,13295423,4825348
2017,21740,190,16110892,10777268,5639669
2018,21740,190,13865757,16927611,2163308
2019,21740,190,7616883,8532857,1096910
2021,21740,190,10276964,7832229,2354331
2017,21740,200,12351276,12892429,3388101
2018,21740,200,14781085,8532394,1114757
2019,21740,200,3590429,5711540,0
2021,21740,200,7471940,3699630,673738
2017,21740,210,14813891,13384660,3476420
2018,21740,210,15425260,12777463,558759
2019,21740,210,7281977,7478815,0
2021,21740,210,15755318,9076179,301080
2017,21740,220,15199878,16399450,2493876
2018,21740,220,23884414,16323851,220628
2019,21740,220,12577479,14067407,0
2021,21740,220,30017087,24735969,43368
2017,21740,230,21569271,15692687,2806826
2018,21740,230,28312784,28583783,30426
2019,21740,230,21144367,22013113,299193
2021,21740,230,47663378,31579394,81427
2017,21740,240,19452151,14640407,1183925
2018,21740,240,24605796,21054490,125693
2019,21740,240,27951294,31296146,0
2021,21740,240,39126257,23510795,112337
2017,21740,250,20573578,18872927,2071868
2018,21740,250,21007918,22569716,0
2019,21740,250,38854897,32814499,0
2021,21740,250,42043287,26380655,178581
2017,21740,260,20297012,16726659,1479906
2018,21740,260,22011046,15940429,0
2019,21740,260,32706995,30097366,0
2021,21740,260,44250974,29324196,86562
2017,21740,270,18992574,19906261,3255793
2018,21740,270,18376137,12199296,0
2019,21740,270,38789049,23322546,0
2021,21740,270,53946401,36963044,258318
2017,21740,280,19773448,16405620,591962
2018,21740,280,13590989,11334747,0
2019,21740,280,26972448,22833369,0
2021,21740,280,51325332,51741610,86562
2017,21740,290,21026459,22360250,1156188
2018,21740,290,11641924,9953167,226633
2019,21740,290,29687241,17444713,0
2021,21740,290,61270257,51922716,85195
2017,21740,300,20243982,19934144,1704480
2018,21740,300,11942170,9257324,0
2019,21740,300,20929605,26789349,0
2021,21740,300,65954104,52456708,54285
2017,21740,310,30911085,22399146,295981
2018,21740,310,9433228,10408329,0
2019,21740,310,21197052,18009912,0
2021,21740,310,60315350,52288977,55652
2017,21740,320,28790729,22230360,418783
2018,21740,320,10882907,9859086,0
2019,21740,320,20745116,19515188,0
2021,21740,320,54831498,59939045,55045
2017,21740,330,23176611,24294197,590035
2018,21740,330,12370009,6602465,0
2019,21740,330,23296462,18532452,0
2021,21740,330,50142180,48931332,167989
2017,21740,340,25530062,21843451,295017
2018,21740,340,9435018,8804174,0
2019,21740,340,24051731,17358921,0
2021,21740,340,49809466,47366922,24135
2017,21740,350,35583394,30085525,1618962
2018,21740,350,13569982,6968493,0
2019,21740,350,15217378,19512703,0
2021,21740,350,55315541,48916561,55652
2017,21740,360,60706080,39594896,3115122
2018,21740,360,19455218,11487953,401550
2019,21740,360,16134582,17773992,0
2021,21740,360,73222294,66603382,0
2017,21740,370,102941709,61069809,2668357
2018,21740,370,21320306,16602388,0
2019,21740,370,19198302,13502414,0
2021,21740,370,75250995,61057584,58052
2017,21740,380,150383485,74472412,7423514
2018,21740,380,33364254,34828820,0
2019,21740,380,22610605,21459878,0
2021,21740,380,77738856,64640339,27142
2017,21740,390,224079031,132582401,5705121
2018,21740,390,65254953,47969797,0
2019,21740,390,31323046,20162539,0
2021,21740,390,82103670,51827518,119872
2017,21740,400,274032112,146043069,7394341
2018,21740,400,124217241,68479939,0
2019,21740,400,57551609,29968265,0
2021,21740,400,70793941,54359366,587412
2017,21740,410,272251349,186702849,5258126
2018,21740,410,143221776,107850633,0
2019,21740,410,102743180,38575408,0
2021,21740,410,66165835,42518305,494682
2017,21740,420,284027794,182844273,4669256
2018,21740,420,201208753,182211895,0
2019,21740,420,166661848,83394148,0
2021,21740,420,63776613,41822287,1140906
2017,21740,430,301146161,174095259,2957799
2018,21740,430,227916429,205754261,0
2019,21740,430,258363510,128180966,0
2021,21740,430,79241070,48995569,1631821
2017,21740,440,366821519,223679964,4626780
2018,21740,440,228636737,217693241,0
2019,21740,440,378766322,208629367,0
2021,21740,440,93903153,61759321,879995
2017,21740,450,344964500,237728064,2461620
2018,21740,450,176530892,196744731,0
2019,21740,450,464110092,284716427,0
2021,21740,450,134547127,64222113,1401396
2017,21740,460,341821145,241159608,3814511
2018,21740,460,165917910,154957861,0
2019,21740,460,519276689,382025488,0
2021,21740,460,159667530,91857908,3492802
2017,21740,470,280138854,250520862,1561070
2018,21740,470,168676776,152986662,0
2019,21740,470,434452289,398308375,0
2021,21740,470,179005990,123905145,3617815
2017,21740,480,225377452,211736531,1555495
2018,21740,480,156721869,128622689,0
2019,21740,480,382618971,383311983,0
2021,21740,480,175660800,151378718,4117396
2017,21740,490,193375528,187675263,2224495
2018,21740,490,136028749,122512166,256748
2019,21740,490,285038473,365768572,0
2021,21740,490,166059849,158975894,2982901
2017,21740,500,155140865,173691124,388874
2018,21740,500,128198618,109385673,0
2019,21740,500,194714610,295317604,0
2021,21740,500,141183554,157978188,1585522
2017,21740,510,99169876,155329418,712837
2018,21740,510,97320111,94607989,0
2019,21740,510,140636226,222084752,0
2021,21740,510,109449334,137745257,588783
2017,21740,520,73235237,125603626,417819
2018,21740,520,71293850,87779866,0
2019,21740,520,92280431,155851191,30974
2021,21740,520,70399982,119735634,808507
2017,21740,530,52024495,92486171,122802
2018,21740,530,50388677,65252158,0
2019,21740,530,56747633,122917657,0
2021,21740,530,52632013,91886946,605771
2017,21740,540,39629436,73255542,0
2018,21740,540,34346824,48928456,0
2019,21740,540,39308477,84106233,61948
2021,21740,540,34260574,68369836,586152
2017,21740,550,23576932,50969173,0
2018,21740,550,23599298,37196887,0
2019,21740,550,22081301,54575590,61948
2021,21740,550,22299511,50006184,322999
2017,21740,560,17286247,37126041,0
2018,21740,560,20120921,28771063,0
2019,21740,560,16609956,40278545,0
2021,21740,560,18400228,37238404,224352
2017,21740,570,12030608,27296113,0
2018,21740,570,9376672,23573080,0
2019,21740,570,9089281,27321013,0
2021,21740,570,12822171,26788731,59420
2017,21740,580,9848845,20665430,295017
2018,21740,580,7801509,13956029,0
2019,21740,580,6842532,25079989,0
2021,21740,580,8241457,19039127,28510
2017,21740,590,6350937,11553019,0
2018,21740,590,4494953,6833410,0
2019,21740,590,4545046,11976021,30974
2021,21740,590,4860490,13076487,30910
2017,21740,600,2999649,10186175,0
2018,21740,600,2270049,4839055,0
2019,21740,600,4890302,6595818,0
2021,21740,600,3132629,9096112,89695
2017,21740,610,3251955,6652238,0
2018,21740,610,1560506,4083999,0
2019,21740,610,1185098,4590583,30974
2021,21740,610,1656059,6546521,0
2017,21740,620,2589428,3646149,0
2018,21740,620,1312385,3758014,0
2019,21740,620,923618,1579412,0
2021,21740,620,1174699,5315961,63285
2017,21740,630,1824595,2699314,0
2018,21740,630,717346,2579057,0
2019,21740,630,931576,2044490,0
2021,21740,630,1162457,4888825,0
2017,21740,640,1086608,1906781,0
2018,21740,640,735420,2212856,0
2019,21740,640,1290260,1408830,0
2021,21740,640,906005,3266844,0
2017,21740,650,719171,684479,0
2018,21740,650,712927,783175,0
2019,21740,650,179492,1212180,0
2021,21740,650,624339,1704843,30910
2017,21740,660,533228,1642439,0
2018,21740,660,274182,861647,0
2019,21740,660,125749,619077,0
2021,21740,660,621003,1874427,0
2017,21740,670,483513,758481,0
2018,21740,670,146290,409410,0
2019,21740,670,307857,126700,0
2021,21740,670,344257,1367533,0
2017,21740,680,203135,758454,0
2018,21740,680,298656,165427,0
2019,21740,680,0,561153,0
2021,21740,680,348516,411281,0
2017,21740,690,204971,123887,0
2018,21740,690,126779,248104,0
2019,21740,690,212671,201890,0
2021,21740,690,152928,369422,0
2017,21740,700,0,319196,0
2018,21740,700,120977,423891,0
2019,21740,700,148747,61916,0
2021,21740,700,56324,372274,0
2017,21740,710,241815,496671,0
2018,21740,710,91412,201760,0
2019,21740,710,28312,143317,0
2021,21740,710,136745,467034,0
2017,21740,720,268476,360214,0
2018,21740,720,18106,238083,0
2019,21740,720,0,0,0
2021,21740,720,251128,533032,0
2017,21740,730,30652,208492,0
2018,21740,730,0,0,0
2019,21740,730,0,0,0
2021,21740,730,0,135048,0
2017,21740,740,0,92723,0
2018,21740,740,0,91412,0
2019,21740,740,0,0,0
2021,21740,740,0,28540,0
2017,21740,750,54388,0,0
2018,21740,750,0,56928,0
2019,21740,750,0,0,0
2021,21740,750,0,62987,0
2017,21740,760,0,100694,0
2018,21740,760,0,38013,0
2019,21740,760,0,0,0
2021,21740,760,0,65777,0
2017,21740,770,0,30353,0
2018,21740,770,0,74290,0
2019,21740,770,0,0,0
2021,21740,770,0,0,0
2017,21740,780,0,58299,0
2018,21740,780,0,0,0
2019,21740,780,0,0,0
2021,21740,780,0,0,0
2017,21740,790,0,0,0
2018,21740,790,0,57466,0
2019,21740,790,0,0,0
2021,21740,790,0,85490,0
2017,21740,820,0,0,0
2018,21740,820,0,0,0
2019,21740,820,0,0,0
2021,21740,820,0,121644,0
