year,length,species_code,males,females,unsexed,region
1984,60,10200,0,0,0,E
1984,70,10200,0,0,5630,E
1984,80,10200,0,0,14825,E
1984,90,10200,0,0,0,E
1984,100,10200,0,0,11621,E
1984,110,10200,0,0,0,E
1984,120,10200,0,0,0,E
1984,130,10200,6810,0,0,E
1984,140,10200,0,0,0,E
1984,150,10200,0,0,11621,E
1984,160,10200,6725,0,0,E
1984,170,10200,0,0,0,E
1984,180,10200,13906,0,6815,E
1984,190,10200,69992,0,4961,E
1984,200,10200,100456,0,10228,E
1984,210,10200,73011,40845,1386,E
1984,220,10200,70135,18871,21990,E
1984,230,10200,253307,98292,69205,E
1984,240,10200,198545,70475,166765,E
1984,250,10200,715032,462182,160785,E
1984,260,10200,1180070,689104,427469,E
1984,270,10200,2334562,913730,686423,E
1984,280,10200,1711121,859011,1030402,E
1984,290,10200,1810301,1543310,1470784,E
1984,300,10200,2074336,1580144,1741675,E
1984,310,10200,1665886,1597513,1544107,E
1984,320,10200,2837735,2487515,1859389,E
1984,330,10200,1911261,1769885,1790647,E
1984,340,10200,1075930,1566216,1581435,E
1984,350,10200,923792,2515195,1407994,E
1984,360,10200,555831,1958252,1073389,E
1984,370,10200,212676,2191045,649494,E
1984,380,10200,143727,933836,406203,E
1984,390,10200,107843,449211,205314,E
1984,400,10200,3807,322815,49940,E
1984,410,10200,0,310879,30011,E
1984,420,10200,0,386711,17637,E
1984,430,10200,0,0,5668,E
1984,440,10200,0,0,5668,E
1984,450,10200,0,0,1372,E
1984,460,10200,6768,24542,1381,E
1984,470,10200,0,0,0,E
1984,480,10200,0,0,0,E
1984,490,10200,0,0,0,E
1984,500,10200,13535,0,0,E
1984,510,10200,6768,0,0,E
1984,520,10200,0,0,0,E
1984,530,10200,13535,0,0,E
1984,540,10200,6768,0,0,E
1984,550,10200,13535,0,0,E
1987,60,10200,0,0,0,E
1987,70,10200,0,0,0,E
1987,80,10200,0,0,0,E
1987,90,10200,0,0,0,E
1987,100,10200,0,0,0,E
1987,110,10200,0,0,0,E
1987,120,10200,0,0,0,E
1987,130,10200,0,0,0,E
1987,140,10200,0,0,0,E
1987,150,10200,0,0,0,E
1987,160,10200,50975,0,0,E
1987,170,10200,50975,0,0,E
1987,180,10200,0,0,0,E
1987,190,10200,482342,19040,0,E
1987,200,10200,586723,165110,0,E
1987,210,10200,645385,62488,35199,E
1987,220,10200,1034574,286083,17499,E
1987,230,10200,1685705,391741,0,E
1987,240,10200,1427691,422284,35098,E
1987,250,10200,2307302,439189,87593,E
1987,260,10200,1254291,511210,263182,E
1987,270,10200,1404572,610436,87794,E
1987,280,10200,1747397,479341,175085,E
1987,290,10200,2073144,831692,227982,E
1987,300,10200,3002994,1539141,245684,E
1987,310,10200,2825785,1414280,438569,E
1987,320,10200,3244563,1808339,350976,E
1987,330,10200,2697197,2347561,490761,E
1987,340,10200,2489498,3343404,491368,E
1987,350,10200,1432638,2815434,245885,E
1987,360,10200,1096866,2752739,140290,E
1987,370,10200,689531,1707373,280377,E
1987,380,10200,255897,1520588,69994,E
1987,390,10200,139840,1064993,52698,E
1987,400,10200,88565,314615,17499,E
1987,410,10200,15809,438649,17599,E
1987,420,10200,0,183628,0,E
1987,430,10200,0,93004,0,E
1987,440,10200,0,0,0,E
1987,450,10200,0,0,0,E
1987,460,10200,0,0,0,E
1987,470,10200,0,0,0,E
1987,480,10200,0,0,0,E
1987,490,10200,0,0,0,E
1987,500,10200,0,0,0,E
1987,510,10200,0,0,0,E
1987,520,10200,0,0,0,E
1987,530,10200,0,0,0,E
1987,540,10200,0,0,0,E
1987,550,10200,0,0,0,E
1990,60,10200,0,0,0,E
1990,70,10200,0,0,0,E
1990,80,10200,0,0,0,E
1990,90,10200,0,0,27956,E
1990,100,10200,0,0,0,E
1990,110,10200,0,0,0,E
1990,120,10200,0,0,0,E
1990,130,10200,0,0,0,E
1990,140,10200,0,0,0,E
1990,150,10200,0,29734,0,E
1990,160,10200,47630,0,0,E
1990,170,10200,48092,97715,0,E
1990,180,10200,239482,103832,0,E
1990,190,10200,306455,223912,0,E
1990,200,10200,271973,176825,0,E
1990,210,10200,350021,363883,0,E
1990,220,10200,619392,368263,0,E
1990,230,10200,568249,863055,0,E
1990,240,10200,557304,453230,0,E
1990,250,10200,1093487,319624,0,E
1990,260,10200,825911,717966,0,E
1990,270,10200,1032091,533582,0,E
1990,280,10200,1296083,716896,0,E
1990,290,10200,2549817,1158944,0,E
1990,300,10200,2900798,1263275,0,E
1990,310,10200,3759854,1908307,0,E
1990,320,10200,4171178,3245575,0,E
1990,330,10200,4390702,2904273,0,E
1990,340,10200,3025441,2474562,0,E
1990,350,10200,2809603,2751530,0,E
1990,360,10200,1719675,2614675,0,E
1990,370,10200,670515,1927231,0,E
1990,380,10200,256656,1028063,0,E
1990,390,10200,113252,1655122,0,E
1990,400,10200,19473,944518,0,E
1990,410,10200,0,827552,0,E
1990,420,10200,0,247802,0,E
1990,430,10200,0,432952,0,E
1990,440,10200,0,371764,0,E
1990,450,10200,0,46743,0,E
1990,460,10200,0,73852,0,E
1990,470,10200,0,29957,0,E
1990,480,10200,0,14560,0,E
1990,490,10200,0,19972,0,E
1990,500,10200,0,0,0,E
1990,510,10200,0,9986,0,E
1990,520,10200,0,0,0,E
1990,530,10200,0,0,0,E
1990,540,10200,0,0,0,E
1990,550,10200,0,0,0,E
1993,60,10200,0,0,0,E
1993,70,10200,0,0,0,E
1993,80,10200,0,0,0,E
1993,90,10200,0,0,0,E
1993,100,10200,0,0,0,E
1993,110,10200,0,0,0,E
1993,120,10200,0,13635,0,E
1993,130,10200,0,0,0,E
1993,140,10200,0,0,0,E
1993,150,10200,12991,14810,6000,E
1993,160,10200,54273,42412,0,E
1993,170,10200,12182,15428,5643,E
1993,180,10200,116077,109405,18184,E
1993,190,10200,397916,135392,0,E
1993,200,10200,349852,188773,0,E
1993,210,10200,360804,121142,6130,E
1993,220,10200,210724,195242,0,E
1993,230,10200,412082,44808,24366,E
1993,240,10200,507456,122475,32397,E
1993,250,10200,427809,95560,58851,E
1993,260,10200,595495,416758,50580,E
1993,270,10200,1173734,349580,188501,E
1993,280,10200,1537117,437484,317772,E
1993,290,10200,1974217,846246,512532,E
1993,300,10200,2404065,1169616,523017,E
1993,310,10200,3157528,1416063,823919,E
1993,320,10200,3333069,1381429,942738,E
1993,330,10200,4260440,2477644,994227,E
1993,340,10200,4033440,2883435,840668,E
1993,350,10200,4884844,3333998,554970,E
1993,360,10200,2464741,2802845,287087,E
1993,370,10200,1749535,2366727,234306,E
1993,380,10200,768849,2408013,79124,E
1993,390,10200,459633,1566900,44834,E
1993,400,10200,140853,1107812,42166,E
1993,410,10200,39174,688094,10358,E
1993,420,10200,24041,442156,4228,E
1993,430,10200,32832,378412,0,E
1993,440,10200,38542,187594,4228,E
1993,450,10200,0,42079,0,E
1993,460,10200,0,75835,0,E
1993,470,10200,0,42201,0,E
1993,480,10200,0,0,0,E
1993,490,10200,0,14660,0,E
1993,500,10200,0,7484,0,E
1993,510,10200,0,0,0,E
1993,520,10200,0,0,0,E
1993,530,10200,0,0,0,E
1993,540,10200,0,0,0,E
1993,550,10200,0,0,0,E
1996,60,10200,0,0,0,E
1996,70,10200,0,0,0,E
1996,80,10200,0,0,0,E
1996,90,10200,8340,0,0,E
1996,100,10200,39534,0,0,E
1996,110,10200,0,0,25467,E
1996,120,10200,41667,32586,0,E
1996,130,10200,8226,9188,0,E
1996,140,10200,22259,0,0,E
1996,150,10200,159801,33390,0,E
1996,160,10200,254240,127328,35345,E
1996,170,10200,210830,101720,0,E
1996,180,10200,307812,246965,0,E
1996,190,10200,635571,459846,0,E
1996,200,10200,469664,466341,0,E
1996,210,10200,379790,188098,0,E
1996,220,10200,751388,398005,0,E
1996,230,10200,883148,506547,0,E
1996,240,10200,1024487,582287,0,E
1996,250,10200,1654972,629165,0,E
1996,260,10200,2082038,1169764,0,E
1996,270,10200,2899916,1278998,0,E
1996,280,10200,3217979,1228232,0,E
1996,290,10200,3504809,1396023,0,E
1996,300,10200,4666898,2004482,0,E
1996,310,10200,5450885,2449797,0,E
1996,320,10200,5533408,2274627,0,E
1996,330,10200,5324812,2291297,0,E
1996,340,10200,5367339,2797145,0,E
1996,350,10200,4595055,2441983,0,E
1996,360,10200,3301748,2606405,0,E
1996,370,10200,1868582,1957857,0,E
1996,380,10200,1001674,1908859,0,E
1996,390,10200,488433,1180540,0,E
1996,400,10200,219073,820082,0,E
1996,410,10200,63917,683940,0,E
1996,420,10200,38098,269885,0,E
1996,430,10200,17838,191041,0,E
1996,440,10200,0,179244,0,E
1996,450,10200,0,173520,0,E
1996,460,10200,0,74640,0,E
1996,470,10200,0,95146,0,E
1996,480,10200,45547,0,0,E
1996,490,10200,0,31686,0,E
1996,500,10200,0,0,0,E
1996,510,10200,0,9188,0,E
1996,520,10200,0,0,0,E
1996,530,10200,0,9541,0,E
1996,540,10200,0,0,0,E
1996,550,10200,0,0,0,E
1999,60,10200,24509,0,0,E
1999,70,10200,0,0,0,E
1999,80,10200,0,0,0,E
1999,90,10200,0,0,34276,E
1999,100,10200,0,0,0,E
1999,110,10200,17311,0,20473,E
1999,120,10200,27391,19367,12952,E
1999,130,10200,37461,0,0,E
1999,140,10200,62397,35492,0,E
1999,150,10200,18181,32611,0,E
1999,160,10200,171238,116520,0,E
1999,170,10200,313918,89638,0,E
1999,180,10200,464188,222899,0,E
1999,190,10200,795733,239053,0,E
1999,200,10200,1466702,682965,0,E
1999,210,10200,1720215,610120,0,E
1999,220,10200,1266650,767920,0,E
1999,230,10200,1221350,815988,0,E
1999,240,10200,1624836,1190310,0,E
1999,250,10200,2098608,1343358,0,E
1999,260,10200,2718456,1336510,0,E
1999,270,10200,3498995,2307379,0,E
1999,280,10200,3733913,2200433,0,E
1999,290,10200,3733687,2812065,0,E
1999,300,10200,3798108,3093846,0,E
1999,310,10200,4697775,2657278,0,E
1999,320,10200,5003191,2607052,0,E
1999,330,10200,4857630,3248607,0,E
1999,340,10200,4007879,2702311,0,E
1999,350,10200,2743562,2299171,0,E
1999,360,10200,1859626,2429728,0,E
1999,370,10200,1536468,1805453,0,E
1999,380,10200,723572,1876736,0,E
1999,390,10200,442307,1054830,0,E
1999,400,10200,318577,901185,0,E
1999,410,10200,179518,672443,0,E
1999,420,10200,48929,372864,0,E
1999,430,10200,61015,168127,0,E
1999,440,10200,7852,201406,0,E
1999,450,10200,7852,116675,0,E
1999,460,10200,0,119479,0,E
1999,470,10200,0,36154,0,E
1999,480,10200,0,53675,0,E
1999,490,10200,0,14418,0,E
1999,500,10200,0,81631,0,E
1999,510,10200,0,36154,0,E
1999,520,10200,0,50511,0,E
1999,530,10200,0,31746,0,E
1999,540,10200,0,0,0,E
1999,550,10200,0,0,0,E
2003,60,10200,0,0,0,E
2003,70,10200,0,37559,0,E
2003,80,10200,0,0,37188,E
2003,90,10200,0,0,11574,E
2003,100,10200,0,54405,0,E
2003,110,10200,146368,0,25736,E
2003,120,10200,294256,380833,92099,E
2003,130,10200,269947,353677,0,E
2003,140,10200,603539,507160,67251,E
2003,150,10200,510398,306596,0,E
2003,160,10200,780540,649032,27064,E
2003,170,10200,610166,279339,40187,E
2003,180,10200,1056992,1065267,81193,E
2003,190,10200,1650613,1772575,81193,E
2003,200,10200,2289733,1146212,54129,E
2003,210,10200,3182703,1887534,0,E
2003,220,10200,3205229,1981726,27064,E
2003,230,10200,3730343,1895837,0,E
2003,240,10200,4358827,2714372,0,E
2003,250,10200,3941819,2971883,0,E
2003,260,10200,4241757,3493263,0,E
2003,270,10200,4821594,4020537,0,E
2003,280,10200,6044234,4582207,0,E
2003,290,10200,5471570,4572325,0,E
2003,300,10200,6262532,4369779,0,E
2003,310,10200,7223120,5453618,0,E
2003,320,10200,7087564,4411165,0,E
2003,330,10200,7102836,5439766,0,E
2003,340,10200,4912826,4095529,0,E
2003,350,10200,3794717,4286352,0,E
2003,360,10200,2117811,3874711,0,E
2003,370,10200,1636998,2633531,0,E
2003,380,10200,793599,1830546,0,E
2003,390,10200,951806,1272721,0,E
2003,400,10200,166357,764065,0,E
2003,410,10200,142661,678372,0,E
2003,420,10200,61054,277032,0,E
2003,430,10200,135836,160856,0,E
2003,440,10200,0,76321,0,E
2003,450,10200,0,178143,0,E
2003,460,10200,0,25072,0,E
2003,470,10200,0,41700,0,E
2003,480,10200,0,25072,0,E
2003,490,10200,0,0,0,E
2003,500,10200,0,0,0,E
2003,510,10200,11112,0,0,E
2003,520,10200,0,0,0,E
2003,530,10200,0,0,0,E
2003,540,10200,0,0,0,E
2003,550,10200,0,0,0,E
2005,60,10200,0,0,0,E
2005,70,10200,0,0,12868,E
2005,80,10200,0,0,73263,E
2005,90,10200,33681,0,0,E
2005,100,10200,111944,0,30197,E
2005,110,10200,0,0,0,E
2005,120,10200,0,104723,0,E
2005,130,10200,16563,81161,0,E
2005,140,10200,144367,0,0,E
2005,150,10200,120364,125015,0,E
2005,160,10200,38287,93756,0,E
2005,170,10200,93599,140234,0,E
2005,180,10200,311495,135943,0,E
2005,190,10200,453264,228457,0,E
2005,200,10200,466061,373759,0,E
2005,210,10200,604479,251671,0,E
2005,220,10200,975896,575166,0,E
2005,230,10200,1431094,1035602,0,E
2005,240,10200,1854238,944500,0,E
2005,250,10200,2796220,1340655,0,E
2005,260,10200,3171536,1377015,0,E
2005,270,10200,5862561,2245641,0,E
2005,280,10200,6077350,3387451,0,E
2005,290,10200,7030938,3784609,0,E
2005,300,10200,7175370,4344473,0,E
2005,310,10200,7635387,4716505,0,E
2005,320,10200,7378205,4963533,0,E
2005,330,10200,6577791,4536715,0,E
2005,340,10200,5677233,4971828,0,E
2005,350,10200,4007044,3972835,0,E
2005,360,10200,2688296,3459982,0,E
2005,370,10200,1924888,2930760,0,E
2005,380,10200,740900,1977559,0,E
2005,390,10200,746439,1181957,0,E
2005,400,10200,396293,958843,0,E
2005,410,10200,127706,378483,0,E
2005,420,10200,107957,506270,0,E
2005,430,10200,11100,78467,0,E
2005,440,10200,49089,98223,0,E
2005,450,10200,0,184078,0,E
2005,460,10200,0,36928,0,E
2005,470,10200,0,29159,0,E
2005,480,10200,33251,26711,0,E
2005,490,10200,0,0,0,E
2005,500,10200,0,0,0,E
2005,510,10200,0,26711,0,E
2005,520,10200,0,0,0,E
2005,530,10200,0,0,0,E
2005,540,10200,0,0,0,E
2005,550,10200,0,6490,0,E
2007,60,10200,0,0,0,E
2007,70,10200,0,0,0,E
2007,80,10200,0,0,0,E
2007,90,10200,0,0,95299,E
2007,100,10200,0,0,120480,E
2007,110,10200,34167,0,53400,E
2007,120,10200,0,0,106611,E
2007,130,10200,0,38957,46807,E
2007,140,10200,0,118639,99289,E
2007,150,10200,169278,111944,263119,E
2007,160,10200,134556,534643,447303,E
2007,170,10200,547372,474818,368367,E
2007,180,10200,866144,1335612,108848,E
2007,190,10200,997100,839535,112447,E
2007,200,10200,1591099,2069383,93892,E
2007,210,10200,1609490,1795326,97491,E
2007,220,10200,1250164,1848010,0,E
2007,230,10200,1005046,1108649,14956,E
2007,240,10200,912350,1134226,0,E
2007,250,10200,831584,1086724,0,E
2007,260,10200,1598980,1479616,0,E
2007,270,10200,2516337,1223749,0,E
2007,280,10200,2555389,1465682,85978,E
2007,290,10200,3979565,1959904,0,E
2007,300,10200,5252221,2680661,0,E
2007,310,10200,5192608,3012209,42989,E
2007,320,10200,4515468,2963646,0,E
2007,330,10200,4390800,2635034,0,E
2007,340,10200,3403778,2530356,0,E
2007,350,10200,1967865,1991534,0,E
2007,360,10200,1388749,1650736,0,E
2007,370,10200,752670,1020402,0,E
2007,380,10200,512767,702880,0,E
2007,390,10200,211409,558379,0,E
2007,400,10200,53211,342058,0,E
2007,410,10200,66109,256867,0,E
2007,420,10200,0,91859,0,E
2007,430,10200,34848,124257,0,E
2007,440,10200,0,107708,0,E
2007,450,10200,0,27296,0,E
2007,460,10200,0,35556,0,E
2007,470,10200,0,0,0,E
2007,480,10200,0,0,0,E
2007,490,10200,0,0,0,E
2007,500,10200,0,64899,0,E
2007,510,10200,0,0,0,E
2007,520,10200,0,0,0,E
2007,530,10200,0,0,0,E
2007,540,10200,0,0,0,E
2007,550,10200,0,0,0,E
2009,60,10200,0,0,0,E
2009,70,10200,0,0,0,E
2009,80,10200,38996,0,0,E
2009,90,10200,0,0,0,E
2009,100,10200,0,0,0,E
2009,110,10200,40439,0,0,E
2009,120,10200,0,0,0,E
2009,130,10200,10306,76057,0,E
2009,140,10200,44244,0,36129,E
2009,150,10200,39453,194846,0,E
2009,160,10200,233796,192837,29147,E
2009,170,10200,245594,206097,29147,E
2009,180,10200,487016,593599,58293,E
2009,190,10200,794095,673102,0,E
2009,200,10200,1299661,1132282,0,E
2009,210,10200,899100,830734,0,E
2009,220,10200,1478349,789793,0,E
2009,230,10200,1529440,1153647,0,E
2009,240,10200,1663771,1397448,0,E
2009,250,10200,1654930,1282743,0,E
2009,260,10200,2091026,1887597,0,E
2009,270,10200,2540212,2038253,0,E
2009,280,10200,3352186,1804144,0,E
2009,290,10200,4471607,2625671,0,E
2009,300,10200,5636764,2251620,0,E
2009,310,10200,5214835,3439006,0,E
2009,320,10200,6731678,4478617,0,E
2009,330,10200,5965950,3794211,0,E
2009,340,10200,6571149,3098883,0,E
2009,350,10200,4350439,2654760,0,E
2009,360,10200,3412575,2098474,0,E
2009,370,10200,2847571,1639890,0,E
2009,380,10200,1436648,1559057,0,E
2009,390,10200,884429,627188,0,E
2009,400,10200,436273,614061,0,E
2009,410,10200,166779,478787,0,E
2009,420,10200,59193,322610,0,E
2009,430,10200,19354,119964,0,E
2009,440,10200,22803,27314,0,E
2009,450,10200,0,45785,0,E
2009,460,10200,0,22129,0,E
2009,470,10200,0,32681,0,E
2009,480,10200,0,0,0,E
2009,490,10200,0,0,0,E
2009,500,10200,0,0,0,E
2009,510,10200,0,0,0,E
2009,520,10200,0,0,0,E
2009,530,10200,0,0,0,E
2009,540,10200,0,0,0,E
2009,550,10200,0,0,0,E
2011,60,10200,0,0,0,E
2011,70,10200,0,0,0,E
2011,80,10200,0,0,0,E
2011,90,10200,0,0,0,E
2011,100,10200,0,0,0,E
2011,110,10200,0,0,19248,E
2011,120,10200,0,0,0,E
2011,130,10200,126406,0,19248,E
2011,140,10200,0,0,33797,E
2011,150,10200,95140,42490,0,E
2011,160,10200,0,48299,16898,E
2011,170,10200,68944,56998,0,E
2011,180,10200,155644,241760,0,E
2011,190,10200,406755,479530,0,E
2011,200,10200,801633,384425,0,E
2011,210,10200,1157026,724125,0,E
2011,220,10200,883081,546502,0,E
2011,230,10200,1229500,693951,0,E
2011,240,10200,1267143,582514,0,E
2011,250,10200,2142642,815154,0,E
2011,260,10200,1985469,1309784,0,E
2011,270,10200,2926413,1435276,0,E
2011,280,10200,3477684,2096820,0,E
2011,290,10200,4492543,3038716,0,E
2011,300,10200,3659027,3108389,0,E
2011,310,10200,4208798,4332504,0,E
2011,320,10200,4018621,4213611,0,E
2011,330,10200,4401949,3886800,0,E
2011,340,10200,3105443,3652249,0,E
2011,350,10200,2604854,2893144,0,E
2011,360,10200,1761579,2521553,0,E
2011,370,10200,1097273,2184345,0,E
2011,380,10200,519016,1312857,0,E
2011,390,10200,440604,878490,0,E
2011,400,10200,149433,646579,0,E
2011,410,10200,72265,331922,0,E
2011,420,10200,35306,268575,0,E
2011,430,10200,0,177380,0,E
2011,440,10200,38964,113549,0,E
2011,450,10200,0,90378,0,E
2011,460,10200,0,0,0,E
2011,470,10200,0,17878,0,E
2011,480,10200,0,97245,0,E
2011,490,10200,0,0,0,E
2011,500,10200,0,0,0,E
2011,510,10200,0,0,0,E
2011,520,10200,0,0,0,E
2011,530,10200,0,38964,0,E
2011,540,10200,0,0,0,E
2011,550,10200,0,0,0,E
2013,60,10200,57182,0,0,E
2013,70,10200,0,0,0,E
2013,80,10200,0,0,0,E
2013,90,10200,0,0,0,E
2013,100,10200,0,0,98209,E
2013,110,10200,0,0,0,E
2013,120,10200,0,0,57182,E
2013,130,10200,0,0,0,E
2013,140,10200,0,142575,50272,E
2013,150,10200,113964,34381,84653,E
2013,160,10200,253377,191844,0,E
2013,170,10200,354529,438404,0,E
2013,180,10200,258481,441758,87776,E
2013,190,10200,647385,384521,0,E
2013,200,10200,512315,769196,0,E
2013,210,10200,812411,795245,53395,E
2013,220,10200,866839,828072,0,E
2013,230,10200,1251778,897998,0,E
2013,240,10200,950424,1121588,0,E
2013,250,10200,1958211,973283,0,E
2013,260,10200,1448128,1185927,0,E
2013,270,10200,2508702,1622585,0,E
2013,280,10200,3325787,2798648,0,E
2013,290,10200,3736974,2512011,0,E
2013,300,10200,4370996,3004593,0,E
2013,310,10200,4769408,3707694,0,E
2013,320,10200,5523593,3273245,0,E
2013,330,10200,5832879,5204266,0,E
2013,340,10200,4593399,4427489,0,E
2013,350,10200,3771811,3939705,0,E
2013,360,10200,2463387,3535321,0,E
2013,370,10200,1281870,2686781,0,E
2013,380,10200,1293354,1599420,0,E
2013,390,10200,517115,1562219,0,E
2013,400,10200,270613,1325806,0,E
2013,410,10200,134314,364851,0,E
2013,420,10200,25651,422422,0,E
2013,430,10200,25651,264000,0,E
2013,440,10200,0,226006,0,E
2013,450,10200,0,57182,0,E
2013,460,10200,0,115799,0,E
2013,470,10200,0,109098,0,E
2013,480,10200,0,0,0,E
2013,490,10200,0,43370,0,E
2013,500,10200,0,53395,0,E
2013,510,10200,0,0,0,E
2013,520,10200,0,0,0,E
2013,530,10200,0,0,0,E
2013,540,10200,0,0,0,E
2013,550,10200,0,53395,0,E
2015,60,10200,0,0,0,E
2015,70,10200,0,0,0,E
2015,80,10200,0,0,0,E
2015,90,10200,0,0,27185,E
2015,100,10200,0,45960,67050,E
2015,110,10200,0,0,78179,E
2015,120,10200,0,0,0,E
2015,130,10200,0,0,0,E
2015,140,10200,79835,0,0,E
2015,150,10200,0,0,92921,E
2015,160,10200,30300,115585,0,E
2015,170,10200,50729,101698,0,E
2015,180,10200,304160,144674,0,E
2015,190,10200,306057,362025,0,E
2015,200,10200,214855,487499,0,E
2015,210,10200,707625,661175,0,E
2015,220,10200,1604283,761368,0,E
2015,230,10200,1360127,980594,0,E
2015,240,10200,1616980,1104165,0,E
2015,250,10200,1670288,1012959,0,E
2015,260,10200,2032063,847998,0,E
2015,270,10200,2176204,1838657,0,E
2015,280,10200,3048750,1685122,0,E
2015,290,10200,3889268,2187771,0,E
2015,300,10200,4367472,3283720,0,E
2015,310,10200,6120453,3157164,0,E
2015,320,10200,6923526,3538553,0,E
2015,330,10200,5956287,3715816,0,E
2015,340,10200,5256600,3826565,0,E
2015,350,10200,3800618,4515540,0,E
2015,360,10200,2247427,2910995,0,E
2015,370,10200,1220674,2727319,0,E
2015,380,10200,780497,2126601,0,E
2015,390,10200,394011,1429192,0,E
2015,400,10200,227144,1099470,0,E
2015,410,10200,57941,512868,0,E
2015,420,10200,11659,273297,0,E
2015,430,10200,24016,118341,0,E
2015,440,10200,23941,71398,0,E
2015,450,10200,0,59218,0,E
2015,460,10200,0,234191,0,E
2015,470,10200,0,35798,0,E
2015,480,10200,0,23941,0,E
2015,490,10200,0,12357,0,E
2015,500,10200,0,0,0,E
2015,510,10200,0,0,0,E
2015,520,10200,0,0,0,E
2015,530,10200,0,0,0,E
2015,540,10200,0,0,0,E
2015,550,10200,0,0,0,E
2017,60,10200,0,0,0,E
2017,70,10200,0,0,0,E
2017,80,10200,0,0,34513,E
2017,90,10200,0,0,41833,E
2017,100,10200,0,0,125638,E
2017,110,10200,0,0,177175,E
2017,120,10200,0,0,239347,E
2017,130,10200,38721,0,253908,E
2017,140,10200,35358,78290,508359,E
2017,150,10200,159310,31209,32746,E
2017,160,10200,234182,95360,258322,E
2017,170,10200,118708,341463,257446,E
2017,180,10200,236515,411046,506758,E
2017,190,10200,366650,569311,214831,E
2017,200,10200,515622,369980,214831,E
2017,210,10200,617509,498727,171338,E
2017,220,10200,717384,1059041,0,E
2017,230,10200,1014225,1332683,0,E
2017,240,10200,1076043,945798,0,E
2017,250,10200,840891,1052236,0,E
2017,260,10200,1313012,1005445,0,E
2017,270,10200,1471164,1076415,0,E
2017,280,10200,1292454,1195985,0,E
2017,290,10200,1793021,1895351,0,E
2017,300,10200,2011772,1930184,0,E
2017,310,10200,2738902,2291767,0,E
2017,320,10200,4215661,2829866,0,E
2017,330,10200,4497203,3348814,0,E
2017,340,10200,4171151,2760857,0,E
2017,350,10200,3866169,3907736,0,E
2017,360,10200,2774496,3703050,0,E
2017,370,10200,1973549,4246673,0,E
2017,380,10200,1401955,2499100,0,E
2017,390,10200,858824,2249937,0,E
2017,400,10200,596714,1445144,0,E
2017,410,10200,261971,721254,0,E
2017,420,10200,110656,532779,0,E
2017,430,10200,0,274226,0,E
2017,440,10200,0,268930,0,E
2017,450,10200,0,0,0,E
2017,460,10200,0,132025,0,E
2017,470,10200,0,0,0,E
2017,480,10200,0,35744,0,E
2017,490,10200,0,0,0,E
2017,500,10200,0,0,0,E
2017,510,10200,0,0,0,E
2017,520,10200,0,0,0,E
2017,530,10200,0,0,0,E
2017,540,10200,0,0,0,E
2017,550,10200,0,0,0,E
2019,60,10200,0,0,0,E
2019,70,10200,0,0,17059,E
2019,80,10200,0,0,68452,E
2019,90,10200,0,0,177976,E
2019,100,10200,0,0,45166,E
2019,110,10200,0,35429,43347,E
2019,120,10200,45166,0,33295,E
2019,130,10200,156022,178249,176638,E
2019,140,10200,512225,335193,131860,E
2019,150,10200,331573,779985,133679,E
2019,160,10200,638312,468846,136703,E
2019,170,10200,841383,547460,69187,E
2019,180,10200,1591289,960903,120988,E
2019,190,10200,2272902,2478126,232786,E
2019,200,10200,2263737,2011818,77940,E
2019,210,10200,2717126,2328599,224532,E
2019,220,10200,2754652,1869633,0,E
2019,230,10200,3422745,1832024,0,E
2019,240,10200,4067666,2040288,0,E
2019,250,10200,4433337,2494938,0,E
2019,260,10200,4619641,2652838,0,E
2019,270,10200,5115224,3977218,0,E
2019,280,10200,4580530,3192210,0,E
2019,290,10200,5337580,3647575,0,E
2019,300,10200,4986820,3645889,0,E
2019,310,10200,4594308,3709724,0,E
2019,320,10200,3955671,3910469,0,E
2019,330,10200,5463438,3534805,0,E
2019,340,10200,5100114,3545790,0,E
2019,350,10200,3586181,3344967,0,E
2019,360,10200,2108196,2398939,0,E
2019,370,10200,2207299,2610702,0,E
2019,380,10200,846603,2085673,0,E
2019,390,10200,619240,1109591,0,E
2019,400,10200,255890,796858,0,E
2019,410,10200,177049,524071,0,E
2019,420,10200,42598,203298,0,E
2019,430,10200,0,124092,0,E
2019,440,10200,0,99600,0,E
2019,450,10200,0,88601,0,E
2019,460,10200,0,43347,0,E
2019,470,10200,0,0,0,E
2019,480,10200,0,0,0,E
2019,490,10200,0,0,0,E
2019,500,10200,0,0,0,E
2019,510,10200,0,0,0,E
2019,520,10200,0,0,0,E
2019,530,10200,0,0,0,E
2019,540,10200,0,0,0,E
2019,550,10200,0,0,0,E
2021,60,10200,0,0,0,E
2021,70,10200,0,0,0,E
2021,80,10200,0,0,0,E
2021,90,10200,0,41878,0,E
2021,100,10200,0,47519,47519,E
2021,110,10200,146457,0,90855,E
2021,120,10200,34293,16575,0,E
2021,130,10200,82238,135160,0,E
2021,140,10200,184422,113063,0,E
2021,150,10200,311385,292547,0,E
2021,160,10200,226486,226151,0,E
2021,170,10200,985548,537563,0,E
2021,180,10200,610875,453840,0,E
2021,190,10200,1226111,678348,0,E
2021,200,10200,1761301,974486,0,E
2021,210,10200,2441075,1723508,0,E
2021,220,10200,5301381,2219865,0,E
2021,230,10200,4257201,1933031,0,E
2021,240,10200,4753568,2242155,0,E
2021,250,10200,5387311,2703350,0,E
2021,260,10200,6801926,4127248,0,E
2021,270,10200,6251092,4161132,0,E
2021,280,10200,7839950,4278321,0,E
2021,290,10200,5623046,5866380,0,E
2021,300,10200,6469666,5528075,0,E
2021,310,10200,4960301,5897249,0,E
2021,320,10200,4234699,4392737,0,E
2021,330,10200,4511126,4581483,0,E
2021,340,10200,4041014,3843175,0,E
2021,350,10200,3644532,3520070,0,E
2021,360,10200,2243445,2649745,0,E
2021,370,10200,1255579,2526903,0,E
2021,380,10200,681082,1896237,0,E
2021,390,10200,356990,932372,0,E
2021,400,10200,139039,656570,0,E
2021,410,10200,50048,433881,0,E
2021,420,10200,18987,225838,0,E
2021,430,10200,0,327845,0,E
2021,440,10200,0,203268,0,E
2021,450,10200,0,0,0,E
2021,460,10200,47242,46480,0,E
2021,470,10200,0,39130,0,E
2021,480,10200,0,85610,0,E
2021,490,10200,0,0,0,E
2021,500,10200,0,0,0,E
2021,510,10200,0,46480,0,E
2021,520,10200,0,0,0,E
2021,530,10200,0,0,0,E
2021,540,10200,0,0,0,E
2021,550,10200,0,0,0,E
1984,40,10200,0,0,0,WC
1984,50,10200,0,0,0,WC
1984,60,10200,0,0,0,WC
1984,70,10200,0,0,0,WC
1984,80,10200,0,0,0,WC
1984,90,10200,0,0,0,WC
1984,100,10200,0,0,0,WC
1984,110,10200,0,0,0,WC
1984,120,10200,0,0,0,WC
1984,130,10200,0,0,0,WC
1984,140,10200,0,0,0,WC
1984,150,10200,0,0,0,WC
1984,160,10200,0,0,0,WC
1984,170,10200,0,0,0,WC
1984,180,10200,0,3003,0,WC
1984,190,10200,6546,0,0,WC
1984,200,10200,9292,22722,0,WC
1984,210,10200,17347,4769,0,WC
1984,220,10200,32417,0,0,WC
1984,230,10200,56336,19466,0,WC
1984,240,10200,73059,26794,0,WC
1984,250,10200,126040,60947,0,WC
1984,260,10200,260911,150494,0,WC
1984,270,10200,402261,250752,0,WC
1984,280,10200,682698,449098,0,WC
1984,290,10200,1454205,403996,0,WC
1984,300,10200,1839407,890251,2891,WC
1984,310,10200,3324395,1223903,2891,WC
1984,320,10200,4762105,1609925,8675,WC
1984,330,10200,5991100,2992559,2891,WC
1984,340,10200,7591673,3603570,14456,WC
1984,350,10200,5694905,4890174,14456,WC
1984,360,10200,4883803,5488310,5782,WC
1984,370,10200,3696441,5574344,26024,WC
1984,380,10200,2845383,6110759,43373,WC
1984,390,10200,2416982,5861627,31807,WC
1984,400,10200,1519879,5394718,34698,WC
1984,410,10200,1329424,4632599,20241,WC
1984,420,10200,844490,3610782,2891,WC
1984,430,10200,524066,3351435,5782,WC
1984,440,10200,189418,2627629,0,WC
1984,450,10200,222224,1979810,0,WC
1984,460,10200,110346,1815387,0,WC
1984,470,10200,13744,1337247,0,WC
1984,480,10200,20633,625830,0,WC
1984,490,10200,16725,370790,0,WC
1984,500,10200,9764,123017,0,WC
1984,510,10200,10531,93811,0,WC
1984,520,10200,3471,22419,0,WC
1984,530,10200,3471,18247,0,WC
1984,540,10200,0,20596,0,WC
1984,550,10200,0,15748,0,WC
1984,560,10200,0,0,0,WC
1984,570,10200,0,0,0,WC
1984,580,10200,0,0,0,WC
1984,590,10200,0,0,0,WC
1984,600,10200,0,0,0,WC
1984,610,10200,0,0,0,WC
1984,620,10200,0,0,0,WC
1984,630,10200,0,0,0,WC
1984,640,10200,0,0,0,WC
1984,650,10200,0,0,0,WC
1984,660,10200,0,0,0,WC
1984,690,10200,0,0,0,WC
1984,720,10200,0,0,0,WC
1984,730,10200,0,0,0,WC
1984,740,10200,0,0,0,WC
1984,760,10200,0,0,0,WC
1984,800,10200,0,0,0,WC
1987,40,10200,0,0,0,WC
1987,50,10200,0,0,0,WC
1987,60,10200,0,0,0,WC
1987,70,10200,0,0,0,WC
1987,80,10200,0,0,0,WC
1987,90,10200,0,0,0,WC
1987,100,10200,0,0,0,WC
1987,110,10200,0,0,0,WC
1987,120,10200,0,0,0,WC
1987,130,10200,0,31411,0,WC
1987,140,10200,0,31411,0,WC
1987,150,10200,0,0,0,WC
1987,160,10200,0,0,0,WC
1987,170,10200,0,0,0,WC
1987,180,10200,21074,15536,0,WC
1987,190,10200,22256,0,0,WC
1987,200,10200,18770,83146,0,WC
1987,210,10200,0,26843,0,WC
1987,220,10200,106913,18618,0,WC
1987,230,10200,54888,36359,0,WC
1987,240,10200,152095,126312,0,WC
1987,250,10200,380037,203229,0,WC
1987,260,10200,587877,330704,0,WC
1987,270,10200,766489,626664,0,WC
1987,280,10200,823858,715402,0,WC
1987,290,10200,1178006,905305,0,WC
1987,300,10200,1665740,1013669,0,WC
1987,310,10200,2091043,852543,0,WC
1987,320,10200,3169692,1548044,0,WC
1987,330,10200,5023438,2398291,0,WC
1987,340,10200,6009177,3014569,0,WC
1987,350,10200,5777409,3548498,0,WC
1987,360,10200,5988735,3850507,0,WC
1987,370,10200,5553684,3390052,0,WC
1987,380,10200,4921766,3655557,0,WC
1987,390,10200,5066434,3475088,0,WC
1987,400,10200,3160678,3986058,0,WC
1987,410,10200,2712064,3763954,0,WC
1987,420,10200,1495260,3796796,0,WC
1987,430,10200,1103447,3466462,0,WC
1987,440,10200,516412,3006425,0,WC
1987,450,10200,279872,2100819,0,WC
1987,460,10200,94482,1950847,0,WC
1987,470,10200,44061,1463419,0,WC
1987,480,10200,4830,977393,0,WC
1987,490,10200,0,677717,0,WC
1987,500,10200,0,395302,0,WC
1987,510,10200,0,289303,0,WC
1987,520,10200,2049,257444,0,WC
1987,530,10200,0,262501,0,WC
1987,540,10200,0,50719,0,WC
1987,550,10200,0,13627,0,WC
1987,560,10200,0,13627,0,WC
1987,570,10200,0,3058,0,WC
1987,580,10200,0,3058,0,WC
1987,590,10200,0,0,0,WC
1987,600,10200,0,3752,0,WC
1987,610,10200,0,0,0,WC
1987,620,10200,0,0,0,WC
1987,630,10200,0,0,0,WC
1987,640,10200,0,0,0,WC
1987,650,10200,0,0,0,WC
1987,660,10200,0,0,0,WC
1987,690,10200,0,0,0,WC
1987,720,10200,0,0,0,WC
1987,730,10200,0,0,0,WC
1987,740,10200,0,0,0,WC
1987,760,10200,0,0,0,WC
1987,800,10200,0,0,0,WC
1990,40,10200,0,0,0,WC
1990,50,10200,0,0,0,WC
1990,60,10200,0,0,0,WC
1990,70,10200,0,0,0,WC
1990,80,10200,0,0,0,WC
1990,90,10200,0,0,0,WC
1990,100,10200,0,0,0,WC
1990,110,10200,0,0,0,WC
1990,120,10200,0,0,0,WC
1990,130,10200,7998,0,0,WC
1990,140,10200,26010,0,0,WC
1990,150,10200,40132,0,0,WC
1990,160,10200,10026,10026,0,WC
1990,170,10200,0,85079,0,WC
1990,180,10200,105912,55870,0,WC
1990,190,10200,113056,35231,0,WC
1990,200,10200,278089,218653,0,WC
1990,210,10200,398400,247015,0,WC
1990,220,10200,722961,448349,0,WC
1990,230,10200,412468,493778,0,WC
1990,240,10200,581196,411438,0,WC
1990,250,10200,518935,467184,0,WC
1990,260,10200,1037939,434820,0,WC
1990,270,10200,982393,875414,0,WC
1990,280,10200,1563265,1087705,0,WC
1990,290,10200,1703045,1512029,0,WC
1990,300,10200,2207460,760329,0,WC
1990,310,10200,3453975,1174900,0,WC
1990,320,10200,4084407,1516342,0,WC
1990,330,10200,4980382,1542056,0,WC
1990,340,10200,6423449,2592016,0,WC
1990,350,10200,7780301,3185665,0,WC
1990,360,10200,8833562,3636198,0,WC
1990,370,10200,11571190,4472525,0,WC
1990,380,10200,8190718,5723489,0,WC
1990,390,10200,7066185,6498123,0,WC
1990,400,10200,5264784,8926671,0,WC
1990,410,10200,5054981,8584533,0,WC
1990,420,10200,2363364,8695819,0,WC
1990,430,10200,2096434,7351236,0,WC
1990,440,10200,1571675,7739679,0,WC
1990,450,10200,1032291,6151794,0,WC
1990,460,10200,152624,4105516,0,WC
1990,470,10200,73711,2693693,0,WC
1990,480,10200,26934,1524382,0,WC
1990,490,10200,27608,2228351,0,WC
1990,500,10200,38430,858380,0,WC
1990,510,10200,0,858968,0,WC
1990,520,10200,0,1088906,0,WC
1990,530,10200,0,271774,0,WC
1990,540,10200,0,117743,0,WC
1990,550,10200,0,138288,0,WC
1990,560,10200,0,76899,0,WC
1990,570,10200,0,49742,0,WC
1990,580,10200,0,6413,0,WC
1990,590,10200,0,0,0,WC
1990,600,10200,0,0,0,WC
1990,610,10200,0,0,0,WC
1990,620,10200,0,0,0,WC
1990,630,10200,0,0,0,WC
1990,640,10200,0,0,0,WC
1990,650,10200,0,0,0,WC
1990,660,10200,0,0,0,WC
1990,690,10200,0,0,0,WC
1990,720,10200,0,0,0,WC
1990,730,10200,0,0,0,WC
1990,740,10200,0,0,0,WC
1990,760,10200,0,0,0,WC
1990,800,10200,0,0,0,WC
1993,40,10200,0,0,0,WC
1993,50,10200,0,0,0,WC
1993,60,10200,0,0,0,WC
1993,70,10200,0,0,0,WC
1993,80,10200,0,0,0,WC
1993,90,10200,0,0,6800,WC
1993,100,10200,10826,0,0,WC
1993,110,10200,0,0,0,WC
1993,120,10200,0,0,0,WC
1993,130,10200,15758,5118,0,WC
1993,140,10200,5118,11467,6800,WC
1993,150,10200,36462,10676,8119,WC
1993,160,10200,102075,19185,8119,WC
1993,170,10200,88341,80770,32474,WC
1993,180,10200,117118,86281,8119,WC
1993,190,10200,147943,82835,0,WC
1993,200,10200,207103,89170,0,WC
1993,210,10200,216293,53487,0,WC
1993,220,10200,255091,263970,0,WC
1993,230,10200,204260,201693,0,WC
1993,240,10200,306171,166863,0,WC
1993,250,10200,463487,163470,0,WC
1993,260,10200,634064,199875,0,WC
1993,270,10200,656192,288870,0,WC
1993,280,10200,936175,437317,0,WC
1993,290,10200,1028768,742556,0,WC
1993,300,10200,1620325,602341,0,WC
1993,310,10200,1928172,987828,0,WC
1993,320,10200,3280613,1331289,0,WC
1993,330,10200,4016166,1611300,0,WC
1993,340,10200,4926651,1959697,0,WC
1993,350,10200,6018125,2483442,0,WC
1993,360,10200,6088689,3306633,0,WC
1993,370,10200,7093364,4158453,0,WC
1993,380,10200,7049819,4973441,0,WC
1993,390,10200,5848617,5202516,0,WC
1993,400,10200,5649143,5637986,0,WC
1993,410,10200,3520231,6222282,0,WC
1993,420,10200,3025990,6179419,0,WC
1993,430,10200,1909584,5301075,0,WC
1993,440,10200,955882,5467066,0,WC
1993,450,10200,572472,4848055,0,WC
1993,460,10200,177995,4551039,0,WC
1993,470,10200,190591,3712882,0,WC
1993,480,10200,48893,2783664,0,WC
1993,490,10200,5717,1921226,0,WC
1993,500,10200,0,1439568,0,WC
1993,510,10200,0,849744,0,WC
1993,520,10200,0,450274,0,WC
1993,530,10200,15347,365823,0,WC
1993,540,10200,0,276617,0,WC
1993,550,10200,0,160976,0,WC
1993,560,10200,0,90902,0,WC
1993,570,10200,0,70966,0,WC
1993,580,10200,0,86308,0,WC
1993,590,10200,0,14994,0,WC
1993,600,10200,0,12156,0,WC
1993,610,10200,14046,0,0,WC
1993,620,10200,0,0,0,WC
1993,630,10200,14046,0,0,WC
1993,640,10200,0,0,0,WC
1993,650,10200,14046,0,0,WC
1993,660,10200,14046,8268,0,WC
1993,690,10200,0,0,0,WC
1993,720,10200,0,0,0,WC
1993,730,10200,0,0,0,WC
1993,740,10200,0,0,0,WC
1993,760,10200,0,0,0,WC
1993,800,10200,0,0,0,WC
1996,40,10200,0,0,0,WC
1996,50,10200,0,9123,0,WC
1996,60,10200,0,0,0,WC
1996,70,10200,0,0,0,WC
1996,80,10200,0,0,0,WC
1996,90,10200,0,0,0,WC
1996,100,10200,0,0,0,WC
1996,110,10200,0,0,0,WC
1996,120,10200,0,0,0,WC
1996,130,10200,28055,89315,0,WC
1996,140,10200,105436,120239,0,WC
1996,150,10200,159994,64818,0,WC
1996,160,10200,167078,100294,0,WC
1996,170,10200,249528,128991,0,WC
1996,180,10200,183869,279118,29781,WC
1996,190,10200,315849,250694,18128,WC
1996,200,10200,269838,181687,4883,WC
1996,210,10200,350502,330097,13245,WC
1996,220,10200,212483,324741,0,WC
1996,230,10200,362008,230497,5699,WC
1996,240,10200,451981,289182,0,WC
1996,250,10200,401013,345014,0,WC
1996,260,10200,762883,426757,0,WC
1996,270,10200,653901,402304,0,WC
1996,280,10200,868583,542883,0,WC
1996,290,10200,1009802,387850,0,WC
1996,300,10200,876036,506799,0,WC
1996,310,10200,1369737,386140,0,WC
1996,320,10200,1317377,476976,0,WC
1996,330,10200,1966741,728835,0,WC
1996,340,10200,2465637,1083539,0,WC
1996,350,10200,2648951,1272192,0,WC
1996,360,10200,3181925,1819363,0,WC
1996,370,10200,3714816,2039537,0,WC
1996,380,10200,4012317,2578776,0,WC
1996,390,10200,3663354,3089185,0,WC
1996,400,10200,3399422,3080505,0,WC
1996,410,10200,2900755,3846461,0,WC
1996,420,10200,1950337,4611622,0,WC
1996,430,10200,1343421,4384236,0,WC
1996,440,10200,943307,4690481,0,WC
1996,450,10200,824230,4481936,0,WC
1996,460,10200,433189,4513536,0,WC
1996,470,10200,403272,3647806,0,WC
1996,480,10200,222753,3070298,0,WC
1996,490,10200,224221,2442473,0,WC
1996,500,10200,21626,1757073,0,WC
1996,510,10200,53562,1474234,0,WC
1996,520,10200,0,909652,0,WC
1996,530,10200,11050,645204,0,WC
1996,540,10200,0,341086,0,WC
1996,550,10200,0,428761,0,WC
1996,560,10200,0,204692,0,WC
1996,570,10200,0,155474,0,WC
1996,580,10200,0,121724,0,WC
1996,590,10200,0,92616,0,WC
1996,600,10200,0,18780,0,WC
1996,610,10200,0,0,0,WC
1996,620,10200,0,0,0,WC
1996,630,10200,0,0,0,WC
1996,640,10200,0,0,0,WC
1996,650,10200,0,0,0,WC
1996,660,10200,0,0,0,WC
1996,690,10200,0,0,0,WC
1996,720,10200,0,0,0,WC
1996,730,10200,0,0,0,WC
1996,740,10200,0,0,0,WC
1996,760,10200,0,0,0,WC
1996,800,10200,0,0,0,WC
1999,40,10200,0,0,0,WC
1999,50,10200,0,0,0,WC
1999,60,10200,0,0,21071,WC
1999,70,10200,0,0,0,WC
1999,80,10200,0,0,16521,WC
1999,90,10200,0,0,16521,WC
1999,100,10200,22005,22005,84284,WC
1999,110,10200,22005,19077,0,WC
1999,120,10200,62967,0,96925,WC
1999,130,10200,0,19077,113608,WC
1999,140,10200,115609,107948,190486,WC
1999,150,10200,196342,120084,53363,WC
1999,160,10200,212015,268546,87101,WC
1999,170,10200,308994,252614,0,WC
1999,180,10200,673553,468445,0,WC
1999,190,10200,682528,625279,36010,WC
1999,200,10200,913140,583761,0,WC
1999,210,10200,974169,535523,0,WC
1999,220,10200,633043,517038,0,WC
1999,230,10200,615217,517343,0,WC
1999,240,10200,844169,656209,0,WC
1999,250,10200,744072,543589,0,WC
1999,260,10200,1272684,711826,0,WC
1999,270,10200,1081189,830550,0,WC
1999,280,10200,1247508,1064133,0,WC
1999,290,10200,1484978,869123,0,WC
1999,300,10200,1459769,1089468,0,WC
1999,310,10200,1983753,997527,0,WC
1999,320,10200,3068333,1295200,0,WC
1999,330,10200,3802519,1576706,0,WC
1999,340,10200,3386479,1498656,0,WC
1999,350,10200,4480711,1767190,0,WC
1999,360,10200,5119075,2461750,0,WC
1999,370,10200,5177238,2968901,0,WC
1999,380,10200,4816719,2829578,0,WC
1999,390,10200,4176885,3046842,0,WC
1999,400,10200,3716640,2984217,0,WC
1999,410,10200,3716193,3743833,0,WC
1999,420,10200,2272619,3383683,0,WC
1999,430,10200,2452304,3612749,0,WC
1999,440,10200,1496898,3684213,0,WC
1999,450,10200,1009727,3315484,0,WC
1999,460,10200,948033,3157474,0,WC
1999,470,10200,173460,2416552,0,WC
1999,480,10200,344867,2090329,0,WC
1999,490,10200,87929,1740631,0,WC
1999,500,10200,108028,1383208,0,WC
1999,510,10200,54441,1059447,0,WC
1999,520,10200,36010,869672,0,WC
1999,530,10200,0,913745,0,WC
1999,540,10200,15239,351201,0,WC
1999,550,10200,0,350875,0,WC
1999,560,10200,0,571407,0,WC
1999,570,10200,0,76562,0,WC
1999,580,10200,0,176674,0,WC
1999,590,10200,0,67245,0,WC
1999,600,10200,0,0,0,WC
1999,610,10200,0,0,0,WC
1999,620,10200,0,72018,0,WC
1999,630,10200,0,0,0,WC
1999,640,10200,0,0,0,WC
1999,650,10200,0,0,0,WC
1999,660,10200,0,0,0,WC
1999,690,10200,0,0,0,WC
1999,720,10200,0,0,0,WC
1999,730,10200,0,0,0,WC
1999,740,10200,0,0,0,WC
1999,760,10200,0,0,0,WC
1999,800,10200,0,0,0,WC
2001,40,10200,0,0,0,WC
2001,50,10200,0,0,0,WC
2001,60,10200,0,0,0,WC
2001,70,10200,0,0,0,WC
2001,80,10200,0,0,0,WC
2001,90,10200,0,0,0,WC
2001,100,10200,0,30947,0,WC
2001,110,10200,30015,55151,0,WC
2001,120,10200,32683,28857,0,WC
2001,130,10200,36666,69756,0,WC
2001,140,10200,74212,117000,0,WC
2001,150,10200,313606,102585,0,WC
2001,160,10200,372895,281290,0,WC
2001,170,10200,826065,444316,0,WC
2001,180,10200,1062448,713304,0,WC
2001,190,10200,771227,1062475,0,WC
2001,200,10200,1351977,1277886,0,WC
2001,210,10200,1508514,1229290,0,WC
2001,220,10200,1669026,1488727,0,WC
2001,230,10200,1502037,1411902,0,WC
2001,240,10200,2292304,1269357,0,WC
2001,250,10200,2316727,1839602,0,WC
2001,260,10200,2086725,2357687,0,WC
2001,270,10200,2991321,2680379,0,WC
2001,280,10200,3714372,2100558,0,WC
2001,290,10200,3093138,2464653,0,WC
2001,300,10200,3720600,2634461,0,WC
2001,310,10200,3197808,3376273,0,WC
2001,320,10200,4025029,3569934,0,WC
2001,330,10200,3309020,4359589,0,WC
2001,340,10200,3110717,3685111,0,WC
2001,350,10200,3039767,3356353,0,WC
2001,360,10200,2430762,2669179,0,WC
2001,370,10200,3380088,2795626,0,WC
2001,380,10200,3113618,2591193,0,WC
2001,390,10200,3238892,3012175,0,WC
2001,400,10200,3019152,3175184,0,WC
2001,410,10200,3391339,2931550,0,WC
2001,420,10200,2569199,2754243,0,WC
2001,430,10200,2058588,2675054,0,WC
2001,440,10200,1335810,2468133,0,WC
2001,450,10200,777587,2763095,0,WC
2001,460,10200,336794,2201514,0,WC
2001,470,10200,141422,2071037,0,WC
2001,480,10200,81901,1731363,0,WC
2001,490,10200,131250,1367501,0,WC
2001,500,10200,12884,1183568,0,WC
2001,510,10200,0,845340,0,WC
2001,520,10200,0,556020,0,WC
2001,530,10200,0,488899,0,WC
2001,540,10200,0,435659,0,WC
2001,550,10200,0,443491,0,WC
2001,560,10200,0,295391,0,WC
2001,570,10200,0,115388,0,WC
2001,580,10200,0,258561,0,WC
2001,590,10200,0,85730,0,WC
2001,600,10200,0,77656,0,WC
2001,610,10200,0,39825,0,WC
2001,620,10200,0,68566,0,WC
2001,630,10200,0,0,0,WC
2001,640,10200,0,12268,0,WC
2001,650,10200,0,0,0,WC
2001,660,10200,0,0,0,WC
2001,690,10200,0,0,0,WC
2001,720,10200,0,0,0,WC
2001,730,10200,0,0,0,WC
2001,740,10200,0,0,0,WC
2001,760,10200,0,0,0,WC
2001,800,10200,0,0,0,WC
2003,40,10200,42480,0,0,WC
2003,50,10200,13309,0,0,WC
2003,60,10200,0,0,0,WC
2003,70,10200,0,0,0,WC
2003,80,10200,0,0,0,WC
2003,90,10200,0,0,0,WC
2003,100,10200,0,0,26641,WC
2003,110,10200,0,0,0,WC
2003,120,10200,8194,0,25399,WC
2003,130,10200,67648,49521,81060,WC
2003,140,10200,57194,114082,0,WC
2003,150,10200,119315,155043,61196,WC
2003,160,10200,398260,161401,0,WC
2003,170,10200,661975,317850,25958,WC
2003,180,10200,369123,474628,0,WC
2003,190,10200,758482,723713,0,WC
2003,200,10200,527148,920808,0,WC
2003,210,10200,829019,948941,0,WC
2003,220,10200,1261546,1062813,0,WC
2003,230,10200,1398336,1041567,0,WC
2003,240,10200,1706074,1321933,0,WC
2003,250,10200,2386238,1587001,0,WC
2003,260,10200,2784280,2018452,0,WC
2003,270,10200,3802537,2091639,0,WC
2003,280,10200,3926583,2827140,0,WC
2003,290,10200,4588454,3642953,0,WC
2003,300,10200,5726451,3362178,0,WC
2003,310,10200,6886788,3854758,0,WC
2003,320,10200,7164898,4330020,0,WC
2003,330,10200,7412047,4622021,0,WC
2003,340,10200,7085213,5104358,0,WC
2003,350,10200,8452774,5961830,0,WC
2003,360,10200,6786960,6404166,0,WC
2003,370,10200,6223193,6728885,0,WC
2003,380,10200,4982395,6323246,0,WC
2003,390,10200,3823382,6084296,0,WC
2003,400,10200,3747727,5533308,0,WC
2003,410,10200,3477851,5120273,0,WC
2003,420,10200,2481143,4134699,0,WC
2003,430,10200,1765509,3982163,0,WC
2003,440,10200,1504663,3808165,0,WC
2003,450,10200,668888,3144829,0,WC
2003,460,10200,213648,2431520,0,WC
2003,470,10200,189079,1932931,0,WC
2003,480,10200,185076,1431900,0,WC
2003,490,10200,74875,1483992,0,WC
2003,500,10200,56124,764948,0,WC
2003,510,10200,10745,801037,0,WC
2003,520,10200,0,592049,0,WC
2003,530,10200,22799,477533,0,WC
2003,540,10200,37679,436340,0,WC
2003,550,10200,10745,458244,0,WC
2003,560,10200,0,198585,0,WC
2003,570,10200,10983,245221,0,WC
2003,580,10200,0,180354,0,WC
2003,590,10200,0,88479,0,WC
2003,600,10200,0,127197,0,WC
2003,610,10200,0,31693,0,WC
2003,620,10200,0,23046,0,WC
2003,630,10200,0,0,0,WC
2003,640,10200,0,0,0,WC
2003,650,10200,0,0,0,WC
2003,660,10200,0,0,0,WC
2003,690,10200,0,0,0,WC
2003,720,10200,0,0,0,WC
2003,730,10200,0,0,0,WC
2003,740,10200,0,0,0,WC
2003,760,10200,0,0,0,WC
2003,800,10200,0,0,0,WC
2005,40,10200,0,0,0,WC
2005,50,10200,0,0,0,WC
2005,60,10200,0,0,0,WC
2005,70,10200,0,0,0,WC
2005,80,10200,0,0,61457,WC
2005,90,10200,0,0,25920,WC
2005,100,10200,0,0,0,WC
2005,110,10200,10232,0,6001,WC
2005,120,10200,25770,37491,12002,WC
2005,130,10200,51180,84758,18003,WC
2005,140,10200,386420,248289,45820,WC
2005,150,10200,249529,608266,91859,WC
2005,160,10200,539148,947450,25649,WC
2005,170,10200,582595,779153,91886,WC
2005,180,10200,841031,922314,0,WC
2005,190,10200,811291,758829,12323,WC
2005,200,10200,760769,791692,38666,WC
2005,210,10200,881621,705420,0,WC
2005,220,10200,685777,773819,64162,WC
2005,230,10200,1084644,385043,0,WC
2005,240,10200,1185873,1009017,0,WC
2005,250,10200,1611382,1193144,0,WC
2005,260,10200,2366109,1282660,0,WC
2005,270,10200,2137356,1708464,0,WC
2005,280,10200,1918270,1221716,0,WC
2005,290,10200,2403044,1592430,0,WC
2005,300,10200,2852230,2322637,0,WC
2005,310,10200,3829073,2691094,0,WC
2005,320,10200,4037388,3324074,0,WC
2005,330,10200,5205485,3354101,0,WC
2005,340,10200,6425011,4452575,0,WC
2005,350,10200,6841592,5446447,0,WC
2005,360,10200,7146309,6107417,0,WC
2005,370,10200,7046474,7265210,0,WC
2005,380,10200,6067954,7123778,0,WC
2005,390,10200,5918843,8268149,0,WC
2005,400,10200,4559930,7093429,0,WC
2005,410,10200,3693499,7005549,0,WC
2005,420,10200,2843409,6566836,0,WC
2005,430,10200,1649862,6000840,0,WC
2005,440,10200,1185686,4773203,0,WC
2005,450,10200,621957,3570637,0,WC
2005,460,10200,368014,2705104,0,WC
2005,470,10200,206196,1894324,0,WC
2005,480,10200,150464,1527836,0,WC
2005,490,10200,66290,1291146,0,WC
2005,500,10200,80468,970188,0,WC
2005,510,10200,9813,800657,0,WC
2005,520,10200,0,467488,0,WC
2005,530,10200,19625,333401,0,WC
2005,540,10200,40198,238955,0,WC
2005,550,10200,19625,215900,0,WC
2005,560,10200,0,173361,0,WC
2005,570,10200,0,122671,0,WC
2005,580,10200,0,146192,0,WC
2005,590,10200,0,82984,0,WC
2005,600,10200,0,45347,0,WC
2005,610,10200,0,9813,0,WC
2005,620,10200,0,7976,0,WC
2005,630,10200,0,0,0,WC
2005,640,10200,0,24829,0,WC
2005,650,10200,0,0,0,WC
2005,660,10200,0,0,0,WC
2005,690,10200,0,0,0,WC
2005,720,10200,0,0,0,WC
2005,730,10200,0,0,0,WC
2005,740,10200,0,0,0,WC
2005,760,10200,0,0,0,WC
2005,800,10200,0,0,0,WC
2007,40,10200,42070,0,0,WC
2007,50,10200,0,0,0,WC
2007,60,10200,0,0,0,WC
2007,70,10200,0,42070,0,WC
2007,80,10200,0,17815,0,WC
2007,90,10200,0,0,0,WC
2007,100,10200,0,11268,0,WC
2007,110,10200,0,0,46175,WC
2007,120,10200,0,0,27816,WC
2007,130,10200,11360,21625,63067,WC
2007,140,10200,73320,159671,195074,WC
2007,150,10200,227757,297516,243610,WC
2007,160,10200,414538,653965,162314,WC
2007,170,10200,651423,778277,186176,WC
2007,180,10200,568551,1144675,31050,WC
2007,190,10200,862511,881855,34440,WC
2007,200,10200,711409,1173727,34440,WC
2007,210,10200,1364836,1301088,47952,WC
2007,220,10200,1453748,1598156,34440,WC
2007,230,10200,1790463,1448973,13512,WC
2007,240,10200,1715267,1527640,0,WC
2007,250,10200,1748020,1938928,0,WC
2007,260,10200,1930676,2005364,0,WC
2007,270,10200,2298914,2039539,0,WC
2007,280,10200,2684175,2260914,0,WC
2007,290,10200,2546789,2616880,0,WC
2007,300,10200,3378378,2525722,0,WC
2007,310,10200,3707262,2807336,0,WC
2007,320,10200,4061842,3193755,0,WC
2007,330,10200,5073764,2989010,0,WC
2007,340,10200,6273011,3839806,0,WC
2007,350,10200,6689390,4184624,0,WC
2007,360,10200,7768320,4845664,0,WC
2007,370,10200,9817391,5442815,23396,WC
2007,380,10200,8934582,6904702,11698,WC
2007,390,10200,8943669,6540596,0,WC
2007,400,10200,6844095,8651466,46791,WC
2007,410,10200,5040998,8349454,35093,WC
2007,420,10200,4234543,8277117,0,WC
2007,430,10200,2994132,6456773,11698,WC
2007,440,10200,2360029,6115673,0,WC
2007,450,10200,1287152,5401766,0,WC
2007,460,10200,693850,3845240,0,WC
2007,470,10200,448004,3215965,0,WC
2007,480,10200,143744,2380671,0,WC
2007,490,10200,154404,1703427,0,WC
2007,500,10200,23981,1415723,0,WC
2007,510,10200,0,796021,0,WC
2007,520,10200,0,612649,0,WC
2007,530,10200,0,371890,0,WC
2007,540,10200,0,346239,0,WC
2007,550,10200,0,156505,0,WC
2007,560,10200,0,157736,0,WC
2007,570,10200,0,176781,0,WC
2007,580,10200,0,100480,0,WC
2007,590,10200,0,21868,0,WC
2007,600,10200,0,0,0,WC
2007,610,10200,0,47016,0,WC
2007,620,10200,0,26872,0,WC
2007,630,10200,0,10555,0,WC
2007,640,10200,0,0,0,WC
2007,650,10200,0,0,0,WC
2007,660,10200,0,0,0,WC
2007,690,10200,0,0,0,WC
2007,720,10200,68999,0,0,WC
2007,730,10200,0,63084,0,WC
2007,740,10200,0,0,0,WC
2007,760,10200,0,0,0,WC
2007,800,10200,0,0,0,WC
2009,40,10200,0,0,0,WC
2009,50,10200,0,0,0,WC
2009,60,10200,7924,24148,0,WC
2009,70,10200,0,28853,0,WC
2009,80,10200,33111,0,0,WC
2009,90,10200,7496,0,12769,WC
2009,100,10200,0,0,0,WC
2009,110,10200,0,0,0,WC
2009,120,10200,0,23198,49081,WC
2009,130,10200,23432,108000,0,WC
2009,140,10200,50580,37207,108447,WC
2009,150,10200,68635,107349,50953,WC
2009,160,10200,245504,157237,75446,WC
2009,170,10200,183258,175408,0,WC
2009,180,10200,383539,480532,51148,WC
2009,190,10200,552608,536054,0,WC
2009,200,10200,637817,692528,46374,WC
2009,210,10200,739322,493633,0,WC
2009,220,10200,1160662,859819,0,WC
2009,230,10200,1382743,1196513,0,WC
2009,240,10200,2486311,1669423,23187,WC
2009,250,10200,3282554,2470174,0,WC
2009,260,10200,3474958,2926253,0,WC
2009,270,10200,3985112,3215917,0,WC
2009,280,10200,4779932,3299361,0,WC
2009,290,10200,5403785,3942454,0,WC
2009,300,10200,5076203,4112430,0,WC
2009,310,10200,6141768,4595080,0,WC
2009,320,10200,8419496,5111030,0,WC
2009,330,10200,9028474,6043591,0,WC
2009,340,10200,9836101,6765078,0,WC
2009,350,10200,10066339,6831692,0,WC
2009,360,10200,11066048,7094653,0,WC
2009,370,10200,10647775,7711661,0,WC
2009,380,10200,8927820,8082888,0,WC
2009,390,10200,8211861,8055659,0,WC
2009,400,10200,6404490,7939880,0,WC
2009,410,10200,4488768,8382792,0,WC
2009,420,10200,2721786,9378207,0,WC
2009,430,10200,1913539,7150289,0,WC
2009,440,10200,983995,6146288,0,WC
2009,450,10200,1017800,6164837,0,WC
2009,460,10200,341755,4885973,0,WC
2009,470,10200,243461,4012254,0,WC
2009,480,10200,129642,2461158,0,WC
2009,490,10200,121531,2127879,0,WC
2009,500,10200,20751,1349622,0,WC
2009,510,10200,24849,1167918,0,WC
2009,520,10200,11753,690759,0,WC
2009,530,10200,0,314723,0,WC
2009,540,10200,0,215346,0,WC
2009,550,10200,0,203407,0,WC
2009,560,10200,0,169529,0,WC
2009,570,10200,0,75970,0,WC
2009,580,10200,0,85517,0,WC
2009,590,10200,0,148731,0,WC
2009,600,10200,0,29751,0,WC
2009,610,10200,0,0,0,WC
2009,620,10200,0,11249,0,WC
2009,630,10200,0,10426,0,WC
2009,640,10200,0,12479,0,WC
2009,650,10200,0,0,0,WC
2009,660,10200,0,0,0,WC
2009,690,10200,8828,0,0,WC
2009,720,10200,0,0,0,WC
2009,730,10200,0,0,0,WC
2009,740,10200,16344,0,0,WC
2009,760,10200,0,0,0,WC
2009,800,10200,0,0,0,WC
2011,40,10200,0,0,0,WC
2011,50,10200,0,0,0,WC
2011,60,10200,0,0,0,WC
2011,70,10200,0,0,0,WC
2011,80,10200,0,0,0,WC
2011,90,10200,0,0,12759,WC
2011,100,10200,0,0,29335,WC
2011,110,10200,0,0,0,WC
2011,120,10200,0,0,0,WC
2011,130,10200,45048,0,0,WC
2011,140,10200,11467,13067,0,WC
2011,150,10200,11288,37772,17834,WC
2011,160,10200,37772,42653,0,WC
2011,170,10200,57849,11610,0,WC
2011,180,10200,133063,104158,0,WC
2011,190,10200,244950,282852,0,WC
2011,200,10200,153460,263202,0,WC
2011,210,10200,116288,228732,0,WC
2011,220,10200,474472,145648,0,WC
2011,230,10200,522081,314582,0,WC
2011,240,10200,764988,459244,10614,WC
2011,250,10200,698551,582598,0,WC
2011,260,10200,1095706,528023,0,WC
2011,270,10200,1422145,892209,0,WC
2011,280,10200,1598133,1222073,21229,WC
2011,290,10200,1791460,1771210,0,WC
2011,300,10200,2905019,1712186,21229,WC
2011,310,10200,3824158,2598469,21229,WC
2011,320,10200,4387095,2829915,21229,WC
2011,330,10200,5507849,3167640,31843,WC
2011,340,10200,7040534,3915642,63686,WC
2011,350,10200,7350140,4474456,53072,WC
2011,360,10200,7530722,4970173,106143,WC
2011,370,10200,7659693,6141759,21229,WC
2011,380,10200,6156010,6388539,74300,WC
2011,390,10200,5693253,6679851,42457,WC
2011,400,10200,4544088,7266381,53072,WC
2011,410,10200,4143274,7054455,42457,WC
2011,420,10200,2668635,6834358,42457,WC
2011,430,10200,2387568,6350013,21229,WC
2011,440,10200,1295773,5645234,10614,WC
2011,450,10200,879399,4649775,0,WC
2011,460,10200,500849,3935193,10614,WC
2011,470,10200,170737,2767631,0,WC
2011,480,10200,129419,2284748,0,WC
2011,490,10200,91547,1351995,0,WC
2011,500,10200,48150,1451128,0,WC
2011,510,10200,10718,831013,0,WC
2011,520,10200,0,420800,0,WC
2011,530,10200,0,551571,0,WC
2011,540,10200,0,399836,0,WC
2011,550,10200,0,130809,0,WC
2011,560,10200,0,121713,0,WC
2011,570,10200,0,103559,0,WC
2011,580,10200,0,44466,0,WC
2011,590,10200,0,56464,0,WC
2011,600,10200,0,36317,0,WC
2011,610,10200,0,128757,0,WC
2011,620,10200,0,10041,0,WC
2011,630,10200,0,13861,0,WC
2011,640,10200,0,0,0,WC
2011,650,10200,0,0,0,WC
2011,660,10200,0,0,0,WC
2011,690,10200,0,0,0,WC
2011,720,10200,0,0,0,WC
2011,730,10200,0,38199,0,WC
2011,740,10200,0,0,0,WC
2011,760,10200,0,12180,0,WC
2011,800,10200,0,0,0,WC
2013,40,10200,16694,0,0,WC
2013,50,10200,0,0,0,WC
2013,60,10200,0,0,0,WC
2013,70,10200,0,0,0,WC
2013,80,10200,0,0,0,WC
2013,90,10200,28896,0,0,WC
2013,100,10200,0,0,0,WC
2013,110,10200,0,0,28896,WC
2013,120,10200,0,0,49876,WC
2013,130,10200,33534,30728,0,WC
2013,140,10200,0,232540,0,WC
2013,150,10200,41256,130891,54934,WC
2013,160,10200,185726,293899,28896,WC
2013,170,10200,329900,508654,57792,WC
2013,180,10200,325143,452614,57792,WC
2013,190,10200,844030,362231,57792,WC
2013,200,10200,420862,555094,28896,WC
2013,210,10200,483108,562865,57792,WC
2013,220,10200,442760,395972,0,WC
2013,230,10200,617057,599484,0,WC
2013,240,10200,763546,781803,0,WC
2013,250,10200,822994,735385,0,WC
2013,260,10200,741002,615064,0,WC
2013,270,10200,930995,736189,0,WC
2013,280,10200,765195,829042,0,WC
2013,290,10200,1161500,932808,0,WC
2013,300,10200,901028,966379,0,WC
2013,310,10200,2370602,530334,0,WC
2013,320,10200,2780260,915510,0,WC
2013,330,10200,3612080,1212400,0,WC
2013,340,10200,6812736,1918252,0,WC
2013,350,10200,9888757,2888274,0,WC
2013,360,10200,11616636,3680893,0,WC
2013,370,10200,12869190,3911480,0,WC
2013,380,10200,8710681,4468068,0,WC
2013,390,10200,11743207,6125212,0,WC
2013,400,10200,8018668,6719889,0,WC
2013,410,10200,6585419,7210140,0,WC
2013,420,10200,3495730,6699100,0,WC
2013,430,10200,3120541,4424721,0,WC
2013,440,10200,2041039,5627780,0,WC
2013,450,10200,1007412,4512461,0,WC
2013,460,10200,441964,3223062,0,WC
2013,470,10200,408657,2128651,0,WC
2013,480,10200,167029,2321251,0,WC
2013,490,10200,95626,1514609,0,WC
2013,500,10200,28080,1186834,0,WC
2013,510,10200,61187,697885,0,WC
2013,520,10200,16021,573108,0,WC
2013,530,10200,0,289650,0,WC
2013,540,10200,0,299634,0,WC
2013,550,10200,0,142454,0,WC
2013,560,10200,0,112855,0,WC
2013,570,10200,0,0,0,WC
2013,580,10200,0,127424,0,WC
2013,590,10200,0,12260,0,WC
2013,600,10200,0,58445,0,WC
2013,610,10200,0,0,0,WC
2013,620,10200,0,0,0,WC
2013,630,10200,0,0,0,WC
2013,640,10200,0,0,0,WC
2013,650,10200,0,0,0,WC
2013,660,10200,0,0,0,WC
2013,690,10200,0,0,0,WC
2013,720,10200,0,0,0,WC
2013,730,10200,0,0,0,WC
2013,740,10200,0,0,0,WC
2013,760,10200,0,0,0,WC
2013,800,10200,0,0,0,WC
2015,40,10200,0,0,0,WC
2015,50,10200,0,0,0,WC
2015,60,10200,0,0,0,WC
2015,70,10200,0,8949,0,WC
2015,80,10200,0,0,0,WC
2015,90,10200,0,0,50243,WC
2015,100,10200,0,0,20253,WC
2015,110,10200,0,0,20253,WC
2015,120,10200,0,0,0,WC
2015,130,10200,0,0,27949,WC
2015,140,10200,0,0,0,WC
2015,150,10200,0,0,0,WC
2015,160,10200,9869,73301,15810,WC
2015,170,10200,86751,55117,13021,WC
2015,180,10200,31760,119346,0,WC
2015,190,10200,140789,53989,21135,WC
2015,200,10200,294560,117845,15810,WC
2015,210,10200,163294,254323,0,WC
2015,220,10200,347487,249835,0,WC
2015,230,10200,401333,340344,0,WC
2015,240,10200,535331,362164,0,WC
2015,250,10200,544898,640132,0,WC
2015,260,10200,667671,994129,0,WC
2015,270,10200,1143627,959611,0,WC
2015,280,10200,1092600,954336,0,WC
2015,290,10200,1605383,988668,0,WC
2015,300,10200,2148534,1774915,0,WC
2015,310,10200,2365462,2127126,0,WC
2015,320,10200,2756153,2293115,0,WC
2015,330,10200,3484800,2369809,0,WC
2015,340,10200,3852177,2477497,0,WC
2015,350,10200,4315801,2485196,0,WC
2015,360,10200,4901628,3257812,0,WC
2015,370,10200,6337891,2732862,0,WC
2015,380,10200,5597011,3359132,0,WC
2015,390,10200,6780030,4224792,0,WC
2015,400,10200,5738473,4499187,0,WC
2015,410,10200,4934357,4888138,0,WC
2015,420,10200,3616739,5735867,0,WC
2015,430,10200,2156336,5684943,0,WC
2015,440,10200,1381963,5123009,0,WC
2015,450,10200,1197803,4360349,0,WC
2015,460,10200,476212,3685933,0,WC
2015,470,10200,253391,3328498,0,WC
2015,480,10200,73650,2193412,0,WC
2015,490,10200,95159,1871169,0,WC
2015,500,10200,37442,1501289,0,WC
2015,510,10200,4683,1006574,0,WC
2015,520,10200,0,542377,0,WC
2015,530,10200,0,440325,0,WC
2015,540,10200,0,255752,0,WC
2015,550,10200,0,239288,0,WC
2015,560,10200,0,94263,0,WC
2015,570,10200,0,66160,0,WC
2015,580,10200,0,39706,0,WC
2015,590,10200,13679,116886,0,WC
2015,600,10200,0,56139,0,WC
2015,610,10200,0,31616,0,WC
2015,620,10200,0,0,0,WC
2015,630,10200,0,10315,0,WC
2015,640,10200,0,0,0,WC
2015,650,10200,0,0,0,WC
2015,660,10200,0,0,0,WC
2015,690,10200,0,0,0,WC
2015,720,10200,0,0,0,WC
2015,730,10200,0,0,0,WC
2015,740,10200,0,0,0,WC
2015,760,10200,0,0,0,WC
2015,800,10200,0,12944,0,WC
2017,40,10200,0,0,0,WC
2017,50,10200,0,0,0,WC
2017,60,10200,0,0,0,WC
2017,70,10200,0,0,0,WC
2017,80,10200,0,0,58543,WC
2017,90,10200,0,0,124327,WC
2017,100,10200,44640,44640,0,WC
2017,110,10200,0,30369,204269,WC
2017,120,10200,23929,79484,279206,WC
2017,130,10200,78158,138438,828622,WC
2017,140,10200,60281,533363,747003,WC
2017,150,10200,508413,306620,716901,WC
2017,160,10200,669718,543734,223824,WC
2017,170,10200,684618,641532,95020,WC
2017,180,10200,919690,1069300,100243,WC
2017,190,10200,1318009,1308063,31082,WC
2017,200,10200,1004124,1353877,0,WC
2017,210,10200,851297,1441778,35609,WC
2017,220,10200,1225241,1586396,29199,WC
2017,230,10200,1229445,1437109,0,WC
2017,240,10200,1169055,1506852,0,WC
2017,250,10200,988113,1051477,0,WC
2017,260,10200,1014694,927845,0,WC
2017,270,10200,754531,827057,0,WC
2017,280,10200,780741,387075,0,WC
2017,290,10200,1107569,803032,0,WC
2017,300,10200,1500551,1037442,0,WC
2017,310,10200,1793357,1336291,11007,WC
2017,320,10200,2206052,1139679,0,WC
2017,330,10200,2786541,1776946,0,WC
2017,340,10200,4437812,1741472,14770,WC
2017,350,10200,5980831,2483670,36784,WC
2017,360,10200,6678121,2707953,29541,WC
2017,370,10200,7549642,3713000,0,WC
2017,380,10200,7635410,3671202,0,WC
2017,390,10200,9098281,4511091,0,WC
2017,400,10200,7997502,4903428,0,WC
2017,410,10200,8781990,5307058,29199,WC
2017,420,10200,6376484,4438337,29541,WC
2017,430,10200,3712797,5747431,0,WC
2017,440,10200,2046482,5650249,14770,WC
2017,450,10200,1051787,5363764,29541,WC
2017,460,10200,504687,4243562,0,WC
2017,470,10200,296231,3826335,59081,WC
2017,480,10200,215457,3499059,29541,WC
2017,490,10200,52900,2223670,29541,WC
2017,500,10200,0,1589431,29541,WC
2017,510,10200,0,1334956,14770,WC
2017,520,10200,0,756816,0,WC
2017,530,10200,0,847767,14770,WC
2017,540,10200,0,223166,0,WC
2017,550,10200,0,238824,0,WC
2017,560,10200,0,267919,0,WC
2017,570,10200,0,79576,0,WC
2017,580,10200,0,122211,0,WC
2017,590,10200,0,82023,0,WC
2017,600,10200,0,14402,0,WC
2017,610,10200,0,11870,0,WC
2017,620,10200,0,0,0,WC
2017,630,10200,0,0,0,WC
2017,640,10200,0,0,0,WC
2017,650,10200,0,0,0,WC
2017,660,10200,0,0,0,WC
2017,690,10200,0,0,0,WC
2017,720,10200,0,0,0,WC
2017,730,10200,0,0,0,WC
2017,740,10200,0,0,0,WC
2017,760,10200,0,0,0,WC
2017,800,10200,0,0,0,WC
2019,40,10200,0,0,0,WC
2019,50,10200,0,0,0,WC
2019,60,10200,0,0,0,WC
2019,70,10200,0,0,0,WC
2019,80,10200,0,0,0,WC
2019,90,10200,0,0,16214,WC
2019,100,10200,0,0,32497,WC
2019,110,10200,0,0,27625,WC
2019,120,10200,0,15917,0,WC
2019,130,10200,25517,61592,27625,WC
2019,140,10200,97676,214629,0,WC
2019,150,10200,69543,49039,30605,WC
2019,160,10200,107490,58614,0,WC
2019,170,10200,409432,118390,0,WC
2019,180,10200,375289,588642,12955,WC
2019,190,10200,1003262,1113285,25653,WC
2019,200,10200,1437076,1048734,12955,WC
2019,210,10200,1703772,1599025,30605,WC
2019,220,10200,2407627,1379372,0,WC
2019,230,10200,2952179,1916049,0,WC
2019,240,10200,2591343,2053923,0,WC
2019,250,10200,2476357,2611494,0,WC
2019,260,10200,3210984,2844337,0,WC
2019,270,10200,3762418,3053205,0,WC
2019,280,10200,4506771,4622363,0,WC
2019,290,10200,4143603,4408795,0,WC
2019,300,10200,4579109,5188846,0,WC
2019,310,10200,4743636,4954150,0,WC
2019,320,10200,4582438,4200981,0,WC
2019,330,10200,3728171,4329426,0,WC
2019,340,10200,3446293,3669119,0,WC
2019,350,10200,3304103,3533822,0,WC
2019,360,10200,4438889,3818502,0,WC
2019,370,10200,4829207,3322991,0,WC
2019,380,10200,4959027,3832592,0,WC
2019,390,10200,6188422,3414021,0,WC
2019,400,10200,5858322,4484085,0,WC
2019,410,10200,4860405,3977146,0,WC
2019,420,10200,3797620,4949609,0,WC
2019,430,10200,2356452,5016322,0,WC
2019,440,10200,1173202,3783268,0,WC
2019,450,10200,585412,3343530,0,WC
2019,460,10200,221867,3053200,0,WC
2019,470,10200,304571,2547824,0,WC
2019,480,10200,268780,2579887,0,WC
2019,490,10200,15553,1491467,0,WC
2019,500,10200,0,1501597,0,WC
2019,510,10200,16214,1078472,0,WC
2019,520,10200,0,729114,0,WC
2019,530,10200,0,252853,0,WC
2019,540,10200,0,146624,0,WC
2019,550,10200,0,188171,0,WC
2019,560,10200,0,88485,0,WC
2019,570,10200,0,64854,0,WC
2019,580,10200,0,37576,0,WC
2019,590,10200,0,55320,0,WC
2019,600,10200,0,18788,0,WC
2019,610,10200,0,36487,0,WC
2019,620,10200,0,0,0,WC
2019,630,10200,0,0,0,WC
2019,640,10200,0,0,0,WC
2019,650,10200,0,0,0,WC
2019,660,10200,0,0,0,WC
2019,690,10200,0,0,0,WC
2019,720,10200,0,0,0,WC
2019,730,10200,0,0,0,WC
2019,740,10200,0,0,0,WC
2019,760,10200,0,0,0,WC
2019,800,10200,0,0,0,WC
2021,40,10200,0,0,0,WC
2021,50,10200,0,0,0,WC
2021,60,10200,0,0,0,WC
2021,70,10200,0,0,0,WC
2021,80,10200,0,0,0,WC
2021,90,10200,27667,0,18137,WC
2021,100,10200,19459,0,22428,WC
2021,110,10200,62026,0,0,WC
2021,120,10200,28319,0,40565,WC
2021,130,10200,28319,30001,30001,WC
2021,140,10200,32356,115156,0,WC
2021,150,10200,159151,163766,0,WC
2021,160,10200,196998,211241,0,WC
2021,170,10200,286655,291433,0,WC
2021,180,10200,366947,254060,0,WC
2021,190,10200,578471,316506,0,WC
2021,200,10200,445317,413135,15505,WC
2021,210,10200,456951,361402,0,WC
2021,220,10200,972593,837374,0,WC
2021,230,10200,1332592,1307511,0,WC
2021,240,10200,1828270,1149918,0,WC
2021,250,10200,1913833,964448,0,WC
2021,260,10200,2641731,1224912,0,WC
2021,270,10200,3254629,2101857,0,WC
2021,280,10200,4326952,2367166,0,WC
2021,290,10200,4909875,3195104,0,WC
2021,300,10200,6528365,3851311,0,WC
2021,310,10200,8386961,4450491,0,WC
2021,320,10200,10377365,5118516,0,WC
2021,330,10200,11000361,6588256,0,WC
2021,340,10200,9125273,7559199,0,WC
2021,350,10200,10324942,6964324,0,WC
2021,360,10200,8371876,8903030,0,WC
2021,370,10200,7842941,9953135,0,WC
2021,380,10200,7354179,9325195,0,WC
2021,390,10200,6835250,7648965,0,WC
2021,400,10200,6083766,7466905,0,WC
2021,410,10200,4966698,6705109,0,WC
2021,420,10200,3262717,5737435,0,WC
2021,430,10200,1975952,4933441,0,WC
2021,440,10200,1359435,4165201,0,WC
2021,450,10200,471109,3194234,0,WC
2021,460,10200,565554,2993150,0,WC
2021,470,10200,95980,2569341,0,WC
2021,480,10200,81080,1698921,0,WC
2021,490,10200,96448,1028382,0,WC
2021,500,10200,15308,1261137,0,WC
2021,510,10200,0,787963,0,WC
2021,520,10200,0,506812,0,WC
2021,530,10200,0,322411,0,WC
2021,540,10200,0,306392,0,WC
2021,550,10200,0,228271,0,WC
2021,560,10200,0,55423,0,WC
2021,570,10200,0,61567,0,WC
2021,580,10200,0,36968,0,WC
2021,590,10200,0,62370,0,WC
2021,600,10200,0,0,0,WC
2021,610,10200,0,0,0,WC
2021,620,10200,0,45114,0,WC
2021,630,10200,0,0,0,WC
2021,640,10200,0,0,0,WC
2021,650,10200,0,0,0,WC
2021,660,10200,0,0,0,WC
2021,690,10200,0,0,0,WC
2021,720,10200,0,0,0,WC
2021,730,10200,0,0,0,WC
2021,740,10200,0,0,0,WC
2021,760,10200,0,0,0,WC
2021,800,10200,0,0,0,WC
